numeric__Tenure,numeric__MonthlyCharges,numeric__TotalCharges,numeric__SeniorCitizen,numeric__AverageMonthlySpending,numeric__TotalChargesPerTenure,numeric__IsLongTermContract,numeric__IsElectronicPayment,ordinal_contract__Contract,categorical__PaymentMethod_Bank Transfer,categorical__PaymentMethod_Credit Card,categorical__PaymentMethod_Electronic Check,categorical__PaperlessBilling_No,categorical__PaperlessBilling_Yes,categorical__MonthlyChargeCategory_High,categorical__MonthlyChargeCategory_Low,categorical__MonthlyChargeCategory_Medium,categorical__TenureGroup_Developing,categorical__TenureGroup_Established,categorical__TenureGroup_Loyal,categorical__TenureGroup_New,Churn
-1.4792267900462313,-0.946552069859722,-1.21097752794336,0.9900495037128095,-0.06704881117959985,-0.06704881117959985,0.7018100265975371,-0.7217427156047488,1.0,0.0,1.0,0.0,1.0,0.0,0.0,1.0,0.0,0.0,0.0,0.0,1.0,0
-0.7493451502207882,-0.00941914218125816,-1.1164056366567146,0.9900495037128095,-0.30311814541781895,-0.30311814541781895,-1.42488702369803,1.385535286160941,0.0,0.0,0.0,1.0,0.0,1.0,0.0,0.0,1.0,1.0,0.0,0.0,0.0,0
-0.4573924942906109,-1.5776824089084833,-1.2487174845600966,0.9900495037128095,-0.34344746802986553,-0.34344746802986553,0.7018100265975371,-0.7217427156047488,2.0,0.0,1.0,0.0,1.0,0.0,0.0,1.0,0.0,0.0,1.0,0.0,0.0,0
0.8077356814068237,-1.6159327324871962,1.2798596087612482,0.9900495037128095,-0.23301659603215538,-0.23301659603215538,-1.42488702369803,1.385535286160941,0.0,0.0,0.0,1.0,1.0,0.0,0.0,1.0,0.0,0.0,0.0,1.0,0.0,0
-0.9926390301626025,1.367592506652403,-1.4405252640710398,0.9900495037128095,-0.3297505893838952,-0.3297505893838952,0.7018100265975371,1.385535286160941,1.0,0.0,0.0,1.0,1.0,0.0,1.0,0.0,0.0,1.0,0.0,0.0,0.0,0
0.9050532333835495,-1.3290553056468501,1.4521314107294099,-1.0100505037878158,-0.2300875327217222,-0.2300875327217222,0.7018100265975371,1.385535286160941,2.0,0.0,0.0,1.0,1.0,0.0,0.0,1.0,0.0,0.0,0.0,1.0,0.0,0
1.440299769255541,-0.2771714072322478,-0.039706874355703005,0.9900495037128095,-0.3306154108351234,-0.3306154108351234,0.7018100265975371,-0.7217427156047488,2.0,1.0,0.0,0.0,1.0,0.0,0.0,0.0,1.0,0.0,0.0,1.0,0.0,0
1.1970058893137268,0.2774582846590879,-0.5236663180291474,0.9900495037128095,-0.3478991436798321,-0.3478991436798321,-1.42488702369803,-0.7217427156047488,0.0,1.0,0.0,0.0,1.0,0.0,0.0,0.0,1.0,0.0,0.0,1.0,0.0,0
1.3429822172788153,0.2009576375016623,1.645271188709179,0.9900495037128095,-0.2470936657098975,-0.2470936657098975,-1.42488702369803,-0.7217427156047488,0.0,0.0,1.0,0.0,1.0,0.0,0.0,0.0,1.0,0.0,0.0,1.0,0.0,0
-1.0899565821393282,0.12445699034423667,0.6999962753323322,0.9900495037128095,0.152079611253237,0.152079611253237,0.7018100265975371,-0.7217427156047488,1.0,1.0,0.0,0.0,0.0,1.0,0.0,0.0,1.0,1.0,0.0,0.0,0.0,0
1.099688337337001,-1.0804282023852168,0.3998526203568749,-1.0100505037878158,-0.2975063789966712,-0.2975063789966712,0.7018100265975371,-0.7217427156047488,1.0,0.0,1.0,0.0,0.0,1.0,0.0,1.0,0.0,0.0,0.0,1.0,0.0,0
-1.4305680140578683,-0.06679462754932737,1.338467541389592,0.9900495037128095,1.0010724327643463,1.0010724327643463,-1.42488702369803,1.385535286160941,0.0,0.0,0.0,1.0,1.0,0.0,0.0,0.0,1.0,0.0,0.0,0.0,1.0,1
0.8077356814068237,-0.525798510493881,-0.3682664966661148,0.9900495037128095,-0.32848236318701374,-0.32848236318701374,-1.42488702369803,-0.7217427156047488,0.0,1.0,0.0,0.0,0.0,1.0,0.0,0.0,1.0,0.0,0.0,1.0,0.0,0
-1.3819092380695055,0.8512131383397801,0.8553960966953648,0.9900495037128095,0.6384492947232768,0.6384492947232768,-1.42488702369803,-0.7217427156047488,0.0,0.0,1.0,0.0,1.0,0.0,1.0,0.0,0.0,0.0,0.0,0.0,1.0,1
0.8077356814068237,-1.0613030405958603,-1.5537451339212491,0.9900495037128095,-0.3971498196265266,-0.3971498196265266,-1.42488702369803,-0.7217427156047488,0.0,0.0,1.0,0.0,0.0,1.0,0.0,1.0,0.0,0.0,0.0,1.0,0.0,0
1.3916409932671783,-0.6979249665980888,-0.08721481974383011,0.9900495037128095,-0.3315317442690035,-0.3315317442690035,-1.42488702369803,-0.7217427156047488,0.0,0.0,1.0,0.0,0.0,1.0,0.0,0.0,1.0,0.0,0.0,1.0,0.0,0
-0.8466627021975139,1.4058428302311157,0.26931677041192753,-1.0100505037878158,-0.06724011810863825,-0.06724011810863825,0.7018100265975371,-0.7217427156047488,2.0,0.0,1.0,0.0,1.0,0.0,1.0,0.0,0.0,1.0,0.0,0.0,0.0,0
0.27248914553483217,-0.238921083653535,-0.23595464876273275,-1.0100505037878158,-0.2956537589901601,-0.2956537589901601,0.7018100265975371,-0.7217427156047488,1.0,1.0,0.0,0.0,0.0,1.0,0.0,0.0,1.0,0.0,1.0,0.0,0.0,0
-1.4305680140578683,0.8129628147610672,0.4979765075603898,-1.0100505037878158,0.6324615586541332,0.6324615586541332,0.7018100265975371,-0.7217427156047488,1.0,1.0,0.0,0.0,0.0,1.0,1.0,0.0,0.0,0.0,0.0,0.0,1.0,1
-0.5060512702789738,-0.1624204364961094,1.1546517526916047,0.9900495037128095,-0.056843322311282404,-0.056843322311282404,-1.42488702369803,-0.7217427156047488,0.0,1.0,0.0,0.0,0.0,1.0,0.0,0.0,1.0,0.0,1.0,0.0,0.0,0
0.07785404158138066,0.4495847407632956,-1.450737252332039,0.9900495037128095,-0.38103130846386707,-0.38103130846386707,-1.42488702369803,1.385535286160941,0.0,0.0,0.0,1.0,1.0,0.0,0.0,0.0,1.0,0.0,1.0,0.0,0.0,0
-0.5547100462673367,0.12445699034423667,0.26088078010936294,-1.0100505037878158,-0.15219474262136393,-0.15219474262136393,0.7018100265975371,-0.7217427156047488,2.0,0.0,1.0,0.0,0.0,1.0,0.0,0.0,1.0,0.0,1.0,0.0,0.0,0
1.1483471133253638,-1.4055559528042756,-1.1155176376774973,0.9900495037128095,-0.3770317979786581,-0.3770317979786581,0.7018100265975371,-0.7217427156047488,1.0,0.0,1.0,0.0,1.0,0.0,0.0,1.0,0.0,0.0,0.0,1.0,0.0,0
-0.3114161663255223,-0.2580462454428914,-0.24749863549255802,0.9900495037128095,-0.24833603980960972,-0.24833603980960972,0.7018100265975371,-0.7217427156047488,2.0,0.0,1.0,0.0,1.0,0.0,0.0,0.0,1.0,0.0,1.0,0.0,0.0,0
-0.5547100462673367,1.5205938009672542,1.464119396948844,-1.0100505037878158,-0.0044388359785588445,-0.0044388359785588445,-1.42488702369803,-0.7217427156047488,0.0,1.0,0.0,0.0,1.0,0.0,1.0,0.0,0.0,0.0,1.0,0.0,0.0,0
0.5157830254766466,1.2910918594949774,-0.4317584236801538,0.9900495037128095,-0.32134202021881547,-0.32134202021881547,0.7018100265975371,-0.7217427156047488,1.0,0.0,1.0,0.0,1.0,0.0,1.0,0.0,0.0,0.0,1.0,0.0,0.0,0
1.1483471133253638,-0.238921083653535,-0.23373465131468943,0.9900495037128095,-0.33191445010156545,-0.33191445010156545,-1.42488702369803,-0.7217427156047488,0.0,1.0,0.0,0.0,1.0,0.0,0.0,0.0,1.0,0.0,0.0,1.0,0.0,0
-0.7980039262091511,-1.0995533641745732,-0.14093875798647854,0.9900495037128095,-0.14769663845234862,-0.14769663845234862,0.7018100265975371,-0.7217427156047488,1.0,1.0,0.0,0.0,1.0,0.0,0.0,1.0,0.0,1.0,0.0,0.0,0.0,0
-0.01946351039534508,1.176340888758839,-0.25993062120160065,-1.0100505037878158,-0.27749041868285695,-0.27749041868285695,0.7018100265975371,-0.7217427156047488,1.0,1.0,0.0,0.0,1.0,0.0,1.0,0.0,0.0,0.0,1.0,0.0,0.0,0
-0.11678106237207082,1.463218315599185,1.4530194097086273,0.9900495037128095,-0.11462234309194215,-0.11462234309194215,0.7018100265975371,-0.7217427156047488,1.0,1.0,0.0,0.0,1.0,0.0,1.0,0.0,0.0,0.0,1.0,0.0,0.0,0
-0.40873371830224803,-0.238921083653535,0.16675288831232601,0.9900495037128095,-0.19087649124365333,-0.19087649124365333,0.7018100265975371,1.385535286160941,1.0,0.0,0.0,1.0,0.0,1.0,0.0,0.0,1.0,0.0,1.0,0.0,0.0,0
-1.2845916860927797,1.5779692863353234,0.24756079542110299,-1.0100505037878158,0.24077599432624394,0.24077599432624394,-1.42488702369803,-0.7217427156047488,0.0,0.0,1.0,0.0,0.0,1.0,1.0,0.0,0.0,0.0,0.0,0.0,1.0,1
0.32114792152319505,1.3102170212843338,1.2705356194794661,-1.0100505037878158,-0.19091837935758005,-0.19091837935758005,0.7018100265975371,1.385535286160941,1.0,0.0,0.0,1.0,0.0,1.0,1.0,0.0,0.0,0.0,1.0,0.0,0.0,0
-0.21409861434879657,1.558844124545967,1.2749756143755528,0.9900495037128095,-0.11281077373242897,-0.11281077373242897,0.7018100265975371,-0.7217427156047488,1.0,1.0,0.0,0.0,0.0,1.0,1.0,0.0,0.0,0.0,1.0,0.0,0.0,0
1.1483471133253638,-1.3290553056468501,-1.3166494064702223,0.9900495037128095,-0.3873229150926173,-0.3873229150926173,0.7018100265975371,-0.7217427156047488,1.0,0.0,1.0,0.0,1.0,0.0,0.0,1.0,0.0,0.0,0.0,1.0,0.0,0
0.6617593534417351,0.04795634318681105,-1.5883770941107251,0.9900495037128095,-0.398091103860866,-0.398091103860866,-1.42488702369803,-0.7217427156047488,0.0,0.0,1.0,0.0,1.0,0.0,0.0,0.0,1.0,0.0,0.0,1.0,0.0,0
0.029195265593017793,-1.367305629225563,-1.4742692252812983,-1.0100505037878158,-0.38201434170395965,-0.38201434170395965,-1.42488702369803,1.385535286160941,0.0,0.0,0.0,1.0,1.0,0.0,0.0,1.0,0.0,0.0,1.0,0.0,0.0,0
1.2456646653020895,1.0042144326546314,0.8691600808732334,0.9900495037128095,-0.28004554899717754,-0.28004554899717754,0.7018100265975371,1.385535286160941,2.0,0.0,0.0,1.0,0.0,1.0,1.0,0.0,0.0,0.0,0.0,1.0,0.0,0
0.6617593534417351,-0.5640488340725939,-1.5137851798564694,-1.0100505037878158,-0.3935112159796868,-0.3935112159796868,-1.42488702369803,-0.7217427156047488,0.0,0.0,1.0,0.0,1.0,0.0,0.0,0.0,1.0,0.0,0.0,1.0,0.0,0
-0.5060512702789738,0.7173370058142852,-1.0280497382245903,-1.0100505037878158,-0.3145668665406428,-0.3145668665406428,0.7018100265975371,1.385535286160941,2.0,0.0,0.0,1.0,1.0,0.0,1.0,0.0,0.0,0.0,1.0,0.0,0.0,0
0.27248914553483217,-1.788059188591404,-1.0289377372038078,0.9900495037128095,-0.35361634229363265,-0.35361634229363265,0.7018100265975371,-0.7217427156047488,2.0,0.0,1.0,0.0,0.0,1.0,0.0,1.0,0.0,0.0,1.0,0.0,0.0,0
-1.4305680140578683,0.659961520446216,-0.6954941205077005,-1.0100505037878158,0.10904580080508207,0.10904580080508207,0.7018100265975371,-0.7217427156047488,2.0,0.0,1.0,0.0,0.0,1.0,0.0,0.0,1.0,0.0,0.0,0.0,1.0,0
1.2943234412904525,-0.46842302512581185,1.0121279165272234,-1.0100505037878158,-0.2752511027545593,-0.2752511027545593,0.7018100265975371,1.385535286160941,1.0,0.0,0.0,1.0,0.0,1.0,0.0,0.0,1.0,0.0,0.0,1.0,0.0,0
0.27248914553483217,0.18183247571230587,-0.1573667391019991,0.9900495037128095,-0.28990942682626614,-0.28990942682626614,-1.42488702369803,-0.7217427156047488,0.0,0.0,1.0,0.0,1.0,0.0,0.0,0.0,1.0,0.0,1.0,0.0,0.0,0
-0.11678106237207082,-0.39192237796838625,-0.4100024486893293,-1.0100505037878158,-0.2828402137977186,-0.2828402137977186,0.7018100265975371,-0.7217427156047488,2.0,0.0,1.0,0.0,0.0,1.0,0.0,0.0,1.0,0.0,1.0,0.0,0.0,0
-0.21409861434879657,1.0807150798120568,0.2244728219614524,0.9900495037128095,-0.21359216070108578,-0.21359216070108578,0.7018100265975371,-0.7217427156047488,2.0,0.0,1.0,0.0,1.0,0.0,1.0,0.0,0.0,0.0,1.0,0.0,0.0,0
-0.7006863742324253,-1.2908049820681373,1.4596794020527573,0.9900495037128095,0.05118647976444282,0.05118647976444282,-1.42488702369803,-0.7217427156047488,0.0,1.0,0.0,0.0,1.0,0.0,0.0,1.0,0.0,1.0,0.0,0.0,0.0,0
0.029195265593017793,0.9277137854972056,-0.23639864825234141,0.9900495037128095,-0.2793057878692782,-0.2793057878692782,-1.42488702369803,1.385535286160941,0.0,0.0,0.0,1.0,0.0,1.0,1.0,0.0,0.0,0.0,1.0,0.0,0.0,0
0.9537120093719124,-1.233429496700068,-0.395794465021852,-1.0100505037878158,-0.33472819924625247,-0.33472819924625247,-1.42488702369803,-0.7217427156047488,0.0,1.0,0.0,0.0,1.0,0.0,0.0,1.0,0.0,0.0,0.0,1.0,0.0,0
0.6131005774533722,0.14358215213359307,0.3967446239296143,-1.0100505037878158,-0.273334779944974,-0.273334779944974,0.7018100265975371,-0.7217427156047488,1.0,1.0,0.0,0.0,0.0,1.0,0.0,0.0,1.0,0.0,0.0,1.0,0.0,0
1.6835936491973553,1.1189654033907697,-1.710032954263499,0.9900495037128095,-0.40891496698716057,-0.40891496698716057,-1.42488702369803,1.385535286160941,0.0,0.0,0.0,1.0,1.0,0.0,1.0,0.0,0.0,0.0,0.0,1.0,0.0,0
-0.26275739033715945,0.7747124911823544,1.4516874112398013,0.9900495037128095,-0.08550144444382354,-0.08550144444382354,0.7018100265975371,-0.7217427156047488,2.0,0.0,1.0,0.0,0.0,1.0,1.0,0.0,0.0,0.0,1.0,0.0,0.0,0
0.8077356814068237,-1.2525546584894245,-1.2300695059965328,-1.0100505037878158,-0.3784012893851764,-0.3784012893851764,0.7018100265975371,-0.7217427156047488,1.0,0.0,1.0,0.0,1.0,0.0,0.0,1.0,0.0,0.0,0.0,1.0,0.0,0
0.6131005774533722,-0.8700514227022964,-0.7336780766140457,0.9900495037128095,-0.3441583619753569,-0.3441583619753569,-1.42488702369803,-0.7217427156047488,0.0,1.0,0.0,0.0,0.0,1.0,0.0,1.0,0.0,0.0,0.0,1.0,0.0,0
-1.3332504620811425,0.8320879765504237,1.223027674091339,-1.0100505037878158,0.6465898031099627,0.6465898031099627,-1.42488702369803,-0.7217427156047488,0.0,1.0,0.0,0.0,1.0,0.0,1.0,0.0,0.0,0.0,0.0,0.0,1.0,1
0.5157830254766466,-1.137803687753286,1.1364477736176495,-1.0100505037878158,-0.2189093707993314,-0.2189093707993314,0.7018100265975371,-0.7217427156047488,2.0,1.0,0.0,0.0,0.0,1.0,0.0,1.0,0.0,0.0,1.0,0.0,0.0,0
1.051029561348638,0.14358215213359307,-0.32431054719485697,0.9900495037128095,-0.33377808469196724,-0.33377808469196724,0.7018100265975371,-0.7217427156047488,1.0,0.0,1.0,0.0,1.0,0.0,0.0,0.0,1.0,0.0,0.0,1.0,0.0,0
1.099688337337001,-0.7935507755448707,1.2367916582692076,-1.0100505037878158,-0.2539577074065643,-0.2539577074065643,-1.42488702369803,-0.7217427156047488,0.0,1.0,0.0,0.0,0.0,1.0,0.0,1.0,0.0,0.0,0.0,1.0,0.0,0
-0.01946351039534508,-1.4438062763829884,-0.21109067734464754,0.9900495037128095,-0.27332550741525025,-0.27332550741525025,0.7018100265975371,-0.7217427156047488,1.0,1.0,0.0,0.0,0.0,1.0,0.0,1.0,0.0,0.0,1.0,0.0,0.0,0
-0.5060512702789738,1.3102170212843338,1.2461156475509896,-1.0100505037878158,-0.04604367826912445,-0.04604367826912445,-1.42488702369803,-0.7217427156047488,0.0,0.0,1.0,0.0,1.0,0.0,1.0,0.0,0.0,0.0,1.0,0.0,0.0,0
-0.6520275982440624,1.4058428302311157,0.5952123957846873,0.9900495037128095,-0.08455131576347136,-0.08455131576347136,-1.42488702369803,1.385535286160941,0.0,0.0,0.0,1.0,1.0,0.0,1.0,0.0,0.0,1.0,0.0,0.0,0.0,0
-1.2845916860927797,1.558844124545967,0.0073570715428154425,-1.0100505037878158,0.16703434719178126,0.16703434719178126,0.7018100265975371,1.385535286160941,2.0,0.0,0.0,1.0,1.0,0.0,1.0,0.0,0.0,0.0,0.0,0.0,1.0,1
0.8077356814068237,0.2774582846590879,0.6817922962583769,-1.0100505037878158,-0.2676589420336624,-0.2676589420336624,0.7018100265975371,-0.7217427156047488,1.0,1.0,0.0,0.0,1.0,0.0,0.0,0.0,1.0,0.0,0.0,1.0,0.0,0
-0.5547100462673367,1.1954660505481953,0.10148496333985234,0.9900495037128095,-0.17176831106592738,-0.17176831106592738,0.7018100265975371,-0.7217427156047488,1.0,1.0,0.0,0.0,1.0,0.0,1.0,0.0,0.0,0.0,1.0,0.0,0.0,0
1.3916409932671783,1.271966697705621,-0.055690855981614926,-1.0100505037878158,-0.33004286130396815,-0.33004286130396815,0.7018100265975371,-0.7217427156047488,1.0,0.0,1.0,0.0,0.0,1.0,1.0,0.0,0.0,0.0,0.0,1.0,0.0,0
-1.6252031180113198,0.5069602261313647,-0.7665340388450869,0.9900495037128095,0.7376120457220228,0.7376120457220228,0.7018100265975371,1.385535286160941,1.0,0.0,0.0,1.0,1.0,0.0,0.0,0.0,1.0,0.0,0.0,0.0,1.0,0
0.8077356814068237,-1.003927555227791,-0.2825745951716425,-1.0100505037878158,-0.3235187605305246,-0.3235187605305246,0.7018100265975371,-0.7217427156047488,1.0,1.0,0.0,0.0,1.0,0.0,0.0,1.0,0.0,0.0,0.0,1.0,0.0,0
1.2456646653020895,-0.9848023934384348,-0.5556342812809713,-1.0100505037878158,-0.35059499317298426,-0.35059499317298426,0.7018100265975371,-0.7217427156047488,2.0,0.0,1.0,0.0,0.0,1.0,0.0,1.0,0.0,0.0,0.0,1.0,0.0,0
-1.6738618939996828,-0.21979592186417862,-1.3028854222923538,-1.0100505037878158,0.4915793782955809,0.4915793782955809,0.7018100265975371,-0.7217427156047488,2.0,0.0,1.0,0.0,0.0,1.0,0.0,0.0,1.0,0.0,0.0,0.0,1.0,1
0.8077356814068237,-1.7689340268020475,1.136891773107258,-1.0100505037878158,-0.24129783984246367,-0.24129783984246367,0.7018100265975371,-0.7217427156047488,1.0,0.0,1.0,0.0,1.0,0.0,0.0,1.0,0.0,0.0,0.0,1.0,0.0,0
1.5862760972206298,0.755587329392998,-1.2651454656756171,-1.0100505037878158,-0.3888894485164333,-0.3888894485164333,-1.42488702369803,1.385535286160941,0.0,0.0,0.0,1.0,1.0,0.0,1.0,0.0,0.0,0.0,0.0,1.0,0.0,0
1.5376173212322668,0.755587329392998,-1.037817726995981,-1.0100505037878158,-0.3782144546006363,-0.3782144546006363,0.7018100265975371,1.385535286160941,1.0,0.0,0.0,1.0,0.0,1.0,1.0,0.0,0.0,0.0,0.0,1.0,0.0,0
-1.1386153581276912,0.2200827992910187,-0.2537146283470793,0.9900495037128095,-0.02937238309724963,-0.02937238309724963,0.7018100265975371,-0.7217427156047488,2.0,0.0,1.0,0.0,1.0,0.0,0.0,0.0,1.0,1.0,0.0,0.0,0.0,0
-1.6738618939996828,0.7364621676036416,-0.9898657821182452,-1.0100505037878158,0.9720586872585769,0.9720586872585769,-1.42488702369803,-0.7217427156047488,0.0,1.0,0.0,0.0,1.0,0.0,1.0,0.0,0.0,0.0,0.0,0.0,1.0,1
1.6349348732089926,-0.6979249665980888,1.4765513826578864,-1.0100505037878158,-0.2690480894536613,-0.2690480894536613,0.7018100265975371,1.385535286160941,2.0,0.0,0.0,1.0,0.0,1.0,0.0,0.0,1.0,0.0,0.0,1.0,0.0,0
-0.06812228638370794,1.0807150798120568,-1.4791532196669936,-1.0100505037878158,-0.38044918880836454,-0.38044918880836454,0.7018100265975371,-0.7217427156047488,1.0,1.0,0.0,0.0,0.0,1.0,1.0,0.0,0.0,0.0,1.0,0.0,0.0,0
-1.576544342022957,-1.3481804674362066,1.347347531181765,-1.0100505037878158,2.071368084928524,2.071368084928524,-1.42488702369803,-0.7217427156047488,0.0,0.0,1.0,0.0,0.0,1.0,0.0,1.0,0.0,0.0,0.0,0.0,1.0,1
0.2238303695464693,-0.08591978933868377,1.6292872070832671,0.9900495037128095,-0.1530325269898723,-0.1530325269898723,0.7018100265975371,-0.7217427156047488,2.0,1.0,0.0,0.0,0.0,1.0,0.0,0.0,1.0,0.0,1.0,0.0,0.0,0
-1.3819092380695055,-0.3536720543896734,-0.21109067734464754,0.9900495037128095,0.22918996843635608,0.22918996843635608,0.7018100265975371,-0.7217427156047488,1.0,1.0,0.0,0.0,0.0,1.0,0.0,0.0,1.0,0.0,0.0,0.0,1.0,0
0.5157830254766466,0.46870990255265194,0.9495239884924017,-1.0100505037878158,-0.23111892499117817,-0.23111892499117817,0.7018100265975371,-0.7217427156047488,2.0,0.0,1.0,0.0,0.0,1.0,0.0,0.0,1.0,0.0,1.0,0.0,0.0,0
-0.06812228638370794,0.48783506434200835,0.4189445984100475,-1.0100505037878158,-0.21396091761753913,-0.21396091761753913,0.7018100265975371,-0.7217427156047488,2.0,1.0,0.0,0.0,1.0,0.0,0.0,0.0,1.0,0.0,1.0,0.0,0.0,0
-0.3114161663255223,0.9277137854972056,-0.15559074114356444,-1.0100505037878158,-0.2389309129107596,-0.2389309129107596,0.7018100265975371,-0.7217427156047488,1.0,0.0,1.0,0.0,1.0,0.0,1.0,0.0,0.0,0.0,1.0,0.0,0.0,0
-0.4573924942906109,0.5452105497100775,-1.0475857157673716,0.9900495037128095,-0.32057831888773397,-0.32057831888773397,0.7018100265975371,-0.7217427156047488,2.0,1.0,0.0,0.0,1.0,0.0,0.0,0.0,1.0,0.0,1.0,0.0,0.0,0
0.6617593534417351,0.5260853879207211,0.06418900621272451,-1.0100505037878158,-0.2966247783028364,-0.2966247783028364,-1.42488702369803,-0.7217427156047488,0.0,0.0,1.0,0.0,1.0,0.0,0.0,0.0,1.0,0.0,0.0,1.0,0.0,0
0.710418129430098,0.43045957897393916,0.20316084646023652,0.9900495037128095,-0.290617684464287,-0.290617684464287,0.7018100265975371,-0.7217427156047488,2.0,1.0,0.0,0.0,0.0,1.0,0.0,0.0,1.0,0.0,0.0,1.0,0.0,0
1.2943234412904525,-1.6159327324871962,1.5173993357018836,0.9900495037128095,-0.25062944549462957,-0.25062944549462957,0.7018100265975371,-0.7217427156047488,2.0,0.0,1.0,0.0,0.0,1.0,0.0,1.0,0.0,0.0,0.0,1.0,0.0,0
0.32114792152319505,-0.2006707600748222,-0.6266741996183576,0.9900495037128095,-0.3263686902399077,-0.3263686902399077,0.7018100265975371,1.385535286160941,1.0,0.0,0.0,1.0,1.0,0.0,0.0,0.0,1.0,0.0,1.0,0.0,0.0,0
0.1751715935581064,-0.10504495112804019,-0.7181380944777425,0.9900495037128095,-0.326598508810911,-0.326598508810911,0.7018100265975371,1.385535286160941,1.0,0.0,0.0,1.0,1.0,0.0,0.0,0.0,1.0,0.0,1.0,0.0,0.0,0
0.2238303695464693,1.2145912123375517,-0.08543882178539546,-1.0100505037878158,-0.2814263060049279,-0.2814263060049279,0.7018100265975371,-0.7217427156047488,1.0,1.0,0.0,0.0,0.0,1.0,1.0,0.0,0.0,0.0,1.0,0.0,0.0,0
-0.7493451502207882,0.2392079610803751,1.5395993101823169,-1.0100505037878158,0.08515976423657379,0.08515976423657379,0.7018100265975371,-0.7217427156047488,1.0,0.0,1.0,0.0,0.0,1.0,0.0,0.0,1.0,1.0,0.0,0.0,0.0,0
-1.6252031180113198,1.424967992020472,-0.819369978108518,0.9900495037128095,0.6835439249025462,0.6835439249025462,0.7018100265975371,-0.7217427156047488,2.0,0.0,1.0,0.0,1.0,0.0,1.0,0.0,0.0,0.0,0.0,0.0,1.0,0
0.27248914553483217,0.1627073139229495,-1.3202014023870916,-1.0100505037878158,-0.374906070539477,-0.374906070539477,0.7018100265975371,-0.7217427156047488,2.0,1.0,0.0,0.0,1.0,0.0,0.0,0.0,1.0,0.0,1.0,0.0,0.0,0
-0.8953214781858768,-1.6159327324871962,1.4214954459464122,-1.0100505037878158,0.14869359248242942,0.14869359248242942,-1.42488702369803,1.385535286160941,0.0,0.0,0.0,1.0,0.0,1.0,0.0,1.0,0.0,1.0,0.0,0.0,0.0,0
0.9050532333835495,1.5205938009672542,0.033997040919335315,0.9900495037128095,-0.3092442529191592,-0.3092442529191592,0.7018100265975371,-0.7217427156047488,2.0,1.0,0.0,0.0,1.0,0.0,1.0,0.0,0.0,0.0,0.0,1.0,0.0,0
-0.7493451502207882,0.5069602261313647,-0.48681436039162823,0.9900495037128095,-0.21107901537938215,-0.21107901537938215,0.7018100265975371,1.385535286160941,1.0,0.0,0.0,1.0,1.0,0.0,0.0,0.0,1.0,1.0,0.0,0.0,0.0,0
-0.7980039262091511,0.6982118440249289,-1.1044176504372807,-1.0100505037878158,-0.2955888512820935,-0.2955888512820935,-1.42488702369803,1.385535286160941,0.0,0.0,0.0,1.0,0.0,1.0,0.0,0.0,1.0,1.0,0.0,0.0,0.0,0
-1.0412978061509655,-1.4055559528042756,-1.6682970022402848,-1.0100505037878158,-0.3705572540990149,-0.3705572540990149,-1.42488702369803,-0.7217427156047488,0.0,1.0,0.0,0.0,1.0,0.0,0.0,1.0,0.0,1.0,0.0,0.0,0.0,0
0.27248914553483217,1.1189654033907697,-1.3761453380777833,0.9900495037128095,-0.3789952561476727,-0.3789952561476727,-1.42488702369803,-0.7217427156047488,0.0,1.0,0.0,0.0,1.0,0.0,1.0,0.0,0.0,0.0,1.0,0.0,0.0,0
-1.2845916860927797,0.564335711499434,-0.4060064532828513,0.9900495037128095,0.04013328715077439,0.04013328715077439,0.7018100265975371,1.385535286160941,2.0,0.0,0.0,1.0,1.0,0.0,0.0,0.0,1.0,0.0,0.0,0.0,1.0,1
0.12651281756974353,-0.5640488340725939,1.4645633964384526,0.9900495037128095,-0.1524673549952436,-0.1524673549952436,0.7018100265975371,1.385535286160941,1.0,0.0,0.0,1.0,1.0,0.0,0.0,0.0,1.0,0.0,1.0,0.0,0.0,0
1.440299769255541,1.0807150798120568,-1.4245412824451278,0.9900495037128095,-0.3950304103904892,-0.3950304103904892,-1.42488702369803,1.385535286160941,0.0,0.0,0.0,1.0,1.0,0.0,1.0,0.0,0.0,0.0,0.0,1.0,0.0,0
0.6617593534417351,0.3157086082378007,-1.412109296736085,0.9900495037128095,-0.38726839261784135,-0.38726839261784135,0.7018100265975371,1.385535286160941,1.0,0.0,0.0,1.0,0.0,1.0,0.0,0.0,1.0,0.0,0.0,1.0,0.0,0
0.36980669751155787,-0.6787998048087324,0.933096007376881,0.9900495037128095,-0.21959815206312322,-0.21959815206312322,0.7018100265975371,-0.7217427156047488,1.0,1.0,0.0,0.0,0.0,1.0,0.0,0.0,1.0,0.0,1.0,0.0,0.0,0
-1.4305680140578683,-1.424681114593632,1.0583038634465245,0.9900495037128095,0.8782021413942753,0.8782021413942753,0.7018100265975371,1.385535286160941,1.0,0.0,0.0,1.0,0.0,1.0,0.0,1.0,0.0,0.0,0.0,0.0,1.0,0
-1.6252031180113198,0.02883118139745465,0.5681284269185588,-1.0100505037878158,2.1034000388593905,2.1034000388593905,0.7018100265975371,-0.7217427156047488,2.0,1.0,0.0,0.0,1.0,0.0,0.0,0.0,1.0,0.0,0.0,0.0,1.0,1
-0.7493451502207882,-0.7361752901768015,1.2248036720497737,0.9900495037128095,0.0391401992173554,0.0391401992173554,0.7018100265975371,-0.7217427156047488,2.0,1.0,0.0,0.0,0.0,1.0,0.0,1.0,0.0,1.0,0.0,0.0,0.0,0
-1.6252031180113198,-1.042177878806504,1.2625436286665102,0.9900495037128095,2.814009626772512,2.814009626772512,-1.42488702369803,-0.7217427156047488,0.0,0.0,1.0,0.0,0.0,1.0,0.0,1.0,0.0,0.0,0.0,0.0,1.0,1
-0.8953214781858768,-1.0995533641745732,1.6239592132079632,-1.0100505037878158,0.18322449317385986,0.18322449317385986,0.7018100265975371,1.385535286160941,1.0,0.0,0.0,1.0,1.0,0.0,0.0,1.0,0.0,1.0,0.0,0.0,0.0,0
0.5644418014650093,0.7364621676036416,-0.10009080494248139,0.9900495037128095,-0.30212018940629504,-0.30212018940629504,0.7018100265975371,1.385535286160941,1.0,0.0,0.0,1.0,0.0,1.0,1.0,0.0,0.0,0.0,1.0,0.0,0.0,0
-0.21409861434879657,-1.7115585414339782,-0.5898222419808384,0.9900495037128095,-0.29171264409099135,-0.29171264409099135,0.7018100265975371,1.385535286160941,2.0,0.0,0.0,1.0,0.0,1.0,0.0,1.0,0.0,0.0,1.0,0.0,0.0,0
0.2238303695464693,-0.48754818691516827,-0.3580545084051155,0.9900495037128095,-0.3018389886344577,-0.3018389886344577,0.7018100265975371,-0.7217427156047488,1.0,1.0,0.0,0.0,0.0,1.0,0.0,0.0,1.0,0.0,1.0,0.0,0.0,0
0.9050532333835495,-0.5066733487045246,-0.4060064532828513,0.9900495037128095,-0.3338041495114134,-0.3338041495114134,0.7018100265975371,-0.7217427156047488,2.0,0.0,1.0,0.0,1.0,0.0,0.0,0.0,1.0,0.0,0.0,1.0,0.0,0
-1.0412978061509655,-0.21979592186417862,-1.1195136330839752,0.9900495037128095,-0.2582409560605727,-0.2582409560605727,-1.42488702369803,-0.7217427156047488,0.0,0.0,1.0,0.0,1.0,0.0,0.0,0.0,1.0,1.0,0.0,0.0,0.0,0
-0.26275739033715945,-0.04766946575997097,-0.7674220378243043,-1.0100505037878158,-0.3052621935810511,-0.3052621935810511,-1.42488702369803,-0.7217427156047488,0.0,0.0,1.0,0.0,1.0,0.0,0.0,0.0,1.0,0.0,1.0,0.0,0.0,0
-0.1654398383604337,0.8894634619184929,-0.866877923496645,-1.0100505037878158,-0.3212805022749999,-0.3212805022749999,0.7018100265975371,-0.7217427156047488,1.0,1.0,0.0,0.0,1.0,0.0,1.0,0.0,0.0,0.0,1.0,0.0,0.0,0
1.6349348732089926,0.9659641090759185,0.46734054277739195,-1.0100505037878158,-0.31330865558427495,-0.31330865558427495,0.7018100265975371,-0.7217427156047488,1.0,0.0,1.0,0.0,1.0,0.0,1.0,0.0,0.0,0.0,0.0,1.0,0.0,0
-1.0899565821393282,1.4058428302311157,-0.9068378775614249,-1.0100505037878158,-0.2002718819862935,-0.2002718819862935,0.7018100265975371,1.385535286160941,2.0,0.0,0.0,1.0,0.0,1.0,1.0,0.0,0.0,1.0,0.0,0.0,0.0,0
-0.06812228638370794,-0.29629656902160423,-0.108526795245046,-1.0100505037878158,-0.26022713192741065,-0.26022713192741065,0.7018100265975371,-0.7217427156047488,2.0,1.0,0.0,0.0,0.0,1.0,0.0,0.0,1.0,0.0,1.0,0.0,0.0,0
0.9537120093719124,-0.5831739958619503,-1.645209028780634,-1.0100505037878158,-0.40322205818353063,-0.40322205818353063,-1.42488702369803,-0.7217427156047488,0.0,1.0,0.0,0.0,0.0,1.0,0.0,0.0,1.0,0.0,0.0,1.0,0.0,0
1.2456646653020895,-0.7361752901768015,-0.8064939929098667,-1.0100505037878158,-0.36301644407960015,-0.36301644407960015,0.7018100265975371,-0.7217427156047488,1.0,0.0,1.0,0.0,1.0,0.0,0.0,1.0,0.0,0.0,0.0,1.0,0.0,0
-0.3114161663255223,-0.12417011291739659,1.1715237332967339,0.9900495037128095,-0.10312451532301539,-0.10312451532301539,0.7018100265975371,-0.7217427156047488,1.0,0.0,1.0,0.0,0.0,1.0,0.0,0.0,1.0,0.0,1.0,0.0,0.0,0
-1.0412978061509655,0.6408363586568596,-0.7017101133622219,-1.0100505037878158,-0.1727315414536357,-0.1727315414536357,0.7018100265975371,1.385535286160941,1.0,0.0,0.0,1.0,1.0,0.0,0.0,0.0,1.0,1.0,0.0,0.0,0.0,0
0.2238303695464693,0.009706019608098245,-0.820701976577344,0.9900495037128095,-0.3364807073640506,-0.3364807073640506,0.7018100265975371,-0.7217427156047488,2.0,1.0,0.0,0.0,1.0,0.0,0.0,0.0,1.0,0.0,1.0,0.0,0.0,0
-0.4573924942906109,-1.2143043349107117,-0.6732941460272673,0.9900495037128095,-0.27802049829873415,-0.27802049829873415,0.7018100265975371,1.385535286160941,2.0,0.0,0.0,1.0,0.0,1.0,0.0,1.0,0.0,0.0,1.0,0.0,0.0,0
-1.576544342022957,1.2145912123375517,-1.4729372268124723,-1.0100505037878158,-0.09317416367640581,-0.09317416367640581,-1.42488702369803,-0.7217427156047488,0.0,0.0,1.0,0.0,0.0,1.0,1.0,0.0,0.0,0.0,0.0,0.0,1.0,1
1.2456646653020895,1.3293421830736902,1.3056115791585508,0.9900495037128095,-0.25843442290655183,-0.25843442290655183,0.7018100265975371,1.385535286160941,2.0,0.0,0.0,1.0,0.0,1.0,1.0,0.0,0.0,0.0,0.0,1.0,0.0,0
-0.26275739033715945,-0.9848023934384348,0.7190882533855047,0.9900495037128095,-0.1580515116860055,-0.1580515116860055,0.7018100265975371,-0.7217427156047488,1.0,1.0,0.0,0.0,1.0,0.0,0.0,1.0,0.0,0.0,1.0,0.0,0.0,0
-1.1386153581276912,0.4495847407632956,1.2700916199898575,-1.0100505037878158,0.3304759504239729,0.3304759504239729,0.7018100265975371,-0.7217427156047488,1.0,1.0,0.0,0.0,0.0,1.0,0.0,0.0,1.0,1.0,0.0,0.0,0.0,0
-0.7980039262091511,1.2528415359162646,-0.6994901159141785,0.9900495037128095,-0.2334332300375187,-0.2334332300375187,-1.42488702369803,-0.7217427156047488,0.0,1.0,0.0,0.0,0.0,1.0,1.0,0.0,0.0,1.0,0.0,0.0,0.0,0
-1.3819092380695055,1.1572157269694825,-0.12806277278782724,-1.0100505037878158,0.26105153963354766,0.26105153963354766,0.7018100265975371,-0.7217427156047488,2.0,0.0,1.0,0.0,0.0,1.0,1.0,0.0,0.0,0.0,0.0,0.0,1.0,1
-1.6738618939996828,0.2200827992910187,1.5942112474041827,0.9900495037128095,4.938568727208417,4.938568727208417,-1.42488702369803,1.385535286160941,0.0,0.0,0.0,1.0,1.0,0.0,0.0,0.0,1.0,0.0,0.0,0.0,1.0,1
-1.6252031180113198,-0.659674643019376,-1.4991331966993835,0.9900495037128095,-0.01207198244719087,-0.01207198244719087,-1.42488702369803,-0.7217427156047488,0.0,0.0,1.0,0.0,1.0,0.0,0.0,0.0,1.0,0.0,0.0,0.0,1.0,1
0.5644418014650093,-0.41104753975774266,0.7284122426672867,-1.0100505037878158,-0.2491311592334256,-0.2491311592334256,0.7018100265975371,-0.7217427156047488,2.0,1.0,0.0,0.0,0.0,1.0,0.0,0.0,1.0,0.0,1.0,0.0,0.0,0
-1.0412978061509655,-1.6350578942765526,1.021895905298614,0.9900495037128095,0.18002887034671433,0.18002887034671433,-1.42488702369803,-0.7217427156047488,0.0,0.0,1.0,0.0,1.0,0.0,0.0,1.0,0.0,1.0,0.0,0.0,0.0,0
1.3429822172788153,-0.238921083653535,0.6387243457663365,0.9900495037128095,-0.295375872865,-0.295375872865,-1.42488702369803,-0.7217427156047488,0.0,1.0,0.0,0.0,0.0,1.0,0.0,0.0,1.0,0.0,0.0,1.0,0.0,0
0.7590769054184608,0.7364621676036416,0.02245305418951004,-1.0100505037878158,-0.3037147970419696,-0.3037147970419696,0.7018100265975371,-0.7217427156047488,2.0,1.0,0.0,0.0,0.0,1.0,1.0,0.0,0.0,0.0,0.0,1.0,0.0,0
-1.2845916860927797,0.39220925539522633,0.09260497354767905,-1.0100505037878158,0.19320513508423387,0.19320513508423387,-1.42488702369803,1.385535286160941,0.0,0.0,0.0,1.0,1.0,0.0,0.0,0.0,1.0,0.0,0.0,0.0,1.0,1
-0.3114161663255223,1.424967992020472,-0.07655883199322217,-1.0100505037878158,-0.23084341248566143,-0.23084341248566143,0.7018100265975371,1.385535286160941,2.0,0.0,0.0,1.0,0.0,1.0,1.0,0.0,0.0,0.0,1.0,0.0,0.0,0
-0.4573924942906109,-0.8891765844916528,-0.31099056250659707,0.9900495037128095,-0.23682573957913292,-0.23682573957913292,-1.42488702369803,-0.7217427156047488,0.0,0.0,1.0,0.0,0.0,1.0,0.0,1.0,0.0,0.0,1.0,0.0,0.0,0
-1.6738618939996828,1.3484673448630466,0.3345846953844012,0.9900495037128095,3.0050654654665445,3.0050654654665445,0.7018100265975371,1.385535286160941,1.0,0.0,0.0,1.0,0.0,1.0,1.0,0.0,0.0,0.0,0.0,0.0,1.0,1
0.4671242494882836,-0.028544303970614564,1.1320077787215628,-1.0100505037878158,-0.21490151496965207,-0.21490151496965207,0.7018100265975371,1.385535286160941,2.0,0.0,0.0,1.0,1.0,0.0,0.0,0.0,1.0,0.0,1.0,0.0,0.0,0
-1.235932910104417,0.02883118139745465,-1.1341656162410612,0.9900495037128095,-0.20463545017858892,-0.20463545017858892,0.7018100265975371,-0.7217427156047488,2.0,1.0,0.0,0.0,0.0,1.0,0.0,0.0,1.0,0.0,0.0,0.0,1.0,1
1.3429822172788153,1.0233395944439876,-0.26215061864964395,-1.0100505037878158,-0.33858919369327656,-0.33858919369327656,-1.42488702369803,-0.7217427156047488,0.0,1.0,0.0,0.0,1.0,0.0,1.0,0.0,0.0,0.0,0.0,1.0,0.0,0
1.3916409932671783,-1.271679820278781,0.5650204304912981,0.9900495037128095,-0.30072654602059584,-0.30072654602059584,0.7018100265975371,-0.7217427156047488,1.0,1.0,0.0,0.0,0.0,1.0,0.0,1.0,0.0,0.0,0.0,1.0,0.0,0
-0.7493451502207882,1.138090565180126,1.502303353055189,-1.0100505037878158,0.07970751675897951,0.07970751675897951,0.7018100265975371,-0.7217427156047488,2.0,1.0,0.0,0.0,0.0,1.0,1.0,0.0,0.0,1.0,0.0,0.0,0.0,0
-0.3600749423138852,-1.367305629225563,-0.9809857923260719,0.9900495037128095,-0.32017096706469533,-0.32017096706469533,0.7018100265975371,-0.7217427156047488,1.0,0.0,1.0,0.0,1.0,0.0,0.0,1.0,0.0,0.0,1.0,0.0,0.0,0
-1.4792267900462313,0.3730840936058699,1.4121714566646302,-1.0100505037878158,1.2751127762215255,1.2751127762215255,0.7018100265975371,-0.7217427156047488,1.0,0.0,1.0,0.0,1.0,0.0,0.0,0.0,1.0,0.0,0.0,0.0,1.0,1
-0.11678106237207082,-1.7115585414339782,-1.0049617647649398,0.9900495037128095,-0.33656088747401525,-0.33656088747401525,0.7018100265975371,-0.7217427156047488,2.0,1.0,0.0,0.0,0.0,1.0,0.0,1.0,0.0,0.0,1.0,0.0,0.0,0
-0.7980039262091511,0.009706019608098245,-1.3397373799298729,-1.0100505037878158,-0.33170999082115565,-0.33170999082115565,0.7018100265975371,-0.7217427156047488,1.0,1.0,0.0,0.0,0.0,1.0,0.0,0.0,1.0,1.0,0.0,0.0,0.0,0
0.27248914553483217,0.3539589318165135,-0.5010223440591055,-1.0100505037878158,-0.31502870984803977,-0.31502870984803977,-1.42488702369803,1.385535286160941,0.0,0.0,0.0,1.0,1.0,0.0,0.0,0.0,1.0,0.0,1.0,0.0,0.0,0
-1.527885566034594,-0.1624204364961094,0.7537202135749806,-1.0100505037878158,1.209231452533928,1.209231452533928,0.7018100265975371,-0.7217427156047488,1.0,0.0,1.0,0.0,1.0,0.0,0.0,0.0,1.0,0.0,0.0,0.0,1.0,1
0.41846547349992075,0.48783506434200835,1.503635351524015,0.9900495037128095,-0.18505967880575164,-0.18505967880575164,-1.42488702369803,-0.7217427156047488,0.0,0.0,1.0,0.0,1.0,0.0,0.0,0.0,1.0,0.0,1.0,0.0,0.0,0
-0.7493451502207882,0.8129628147610672,0.9317640089080551,-1.0100505037878158,-0.003698888106599619,-0.003698888106599619,0.7018100265975371,1.385535286160941,2.0,0.0,0.0,1.0,1.0,0.0,1.0,0.0,0.0,1.0,0.0,0.0,0.0,0
0.029195265593017793,0.8512131383397801,-0.40511845430363397,-1.0100505037878158,-0.2933048016631013,-0.2933048016631013,0.7018100265975371,1.385535286160941,2.0,0.0,0.0,1.0,1.0,0.0,1.0,0.0,0.0,0.0,1.0,0.0,0.0,0
1.5376173212322668,-1.4055559528042756,0.7337402365425907,0.9900495037128095,-0.298234794910926,-0.298234794910926,-1.42488702369803,-0.7217427156047488,0.0,1.0,0.0,0.0,0.0,1.0,0.0,1.0,0.0,0.0,0.0,1.0,0.0,0
-0.5060512702789738,0.659961520446216,0.14810490974876211,-1.0100505037878158,-0.17569183223153467,-0.17569183223153467,0.7018100265975371,-0.7217427156047488,1.0,1.0,0.0,0.0,0.0,1.0,0.0,0.0,1.0,0.0,1.0,0.0,0.0,0
-0.5060512702789738,-0.6787998048087324,0.6058683835352953,0.9900495037128095,-0.1216411865642298,-0.1216411865642298,0.7018100265975371,1.385535286160941,2.0,0.0,0.0,1.0,0.0,1.0,0.0,0.0,1.0,0.0,1.0,0.0,0.0,0
-1.7225206699880455,-0.525798510493881,1.3096075745650286,-1.0100505037878158,9.420316153790916,9.420316153790916,0.7018100265975371,-0.7217427156047488,2.0,1.0,0.0,0.0,0.0,1.0,0.0,0.0,1.0,0.0,0.0,0.0,1.0,0
0.5157830254766466,1.3102170212843338,-0.45173840071254373,0.9900495037128095,-0.3226470794554736,-0.3226470794554736,0.7018100265975371,1.385535286160941,1.0,0.0,0.0,1.0,1.0,0.0,1.0,0.0,0.0,0.0,1.0,0.0,0.0,0
-0.3114161663255223,0.7747124911823544,-0.07611483250361349,-1.0100505037878158,-0.23079797709001482,-0.23079797709001482,0.7018100265975371,-0.7217427156047488,1.0,1.0,0.0,0.0,0.0,1.0,1.0,0.0,0.0,0.0,1.0,0.0,0.0,0
0.710418129430098,-0.6787998048087324,-1.4578412441657778,0.9900495037128095,-0.3906022815901703,-0.3906022815901703,-1.42488702369803,1.385535286160941,0.0,0.0,0.0,1.0,0.0,1.0,0.0,0.0,1.0,0.0,0.0,1.0,0.0,0
-1.1386153581276912,-0.44929786333645544,-1.740668919046497,-1.0100505037878158,-0.38051809083692756,-0.38051809083692756,0.7018100265975371,1.385535286160941,1.0,0.0,0.0,1.0,0.0,1.0,0.0,0.0,1.0,1.0,0.0,0.0,0.0,0
1.3429822172788153,1.367592506652403,-0.15603474063317313,0.9900495037128095,-0.33349900952474126,-0.33349900952474126,0.7018100265975371,-0.7217427156047488,1.0,0.0,1.0,0.0,0.0,1.0,1.0,0.0,0.0,0.0,0.0,1.0,0.0,0
1.1483471133253638,1.0998402416014132,-1.7970568542267973,0.9900495037128095,-0.41190346413743817,-0.41190346413743817,-1.42488702369803,-0.7217427156047488,0.0,0.0,1.0,0.0,1.0,0.0,1.0,0.0,0.0,0.0,0.0,1.0,0.0,0
1.5862760972206298,-1.2525546584894245,-0.3767024869686794,0.9900495037128095,-0.34936065430387475,-0.34936065430387475,0.7018100265975371,-0.7217427156047488,1.0,1.0,0.0,0.0,0.0,1.0,0.0,1.0,0.0,0.0,0.0,1.0,0.0,0
0.1751715935581064,-0.1624204364961094,-1.54353314566025,-1.0100505037878158,-0.38994680919120955,-0.38994680919120955,0.7018100265975371,-0.7217427156047488,1.0,0.0,1.0,0.0,0.0,1.0,0.0,0.0,1.0,0.0,1.0,0.0,0.0,0
-0.6520275982440624,-0.06679462754932737,1.0902718266983484,0.9900495037128095,-0.01847244687741027,-0.01847244687741027,0.7018100265975371,-0.7217427156047488,2.0,1.0,0.0,0.0,0.0,1.0,0.0,0.0,1.0,1.0,0.0,0.0,0.0,0
0.27248914553483217,-0.6405494812300195,0.6946682814570282,0.9900495037128095,-0.2276304809363648,-0.2276304809363648,0.7018100265975371,1.385535286160941,1.0,0.0,0.0,1.0,1.0,0.0,0.0,0.0,1.0,0.0,1.0,0.0,0.0,0
-1.1386153581276912,-0.2771714072322478,-0.590266241470447,-1.0100505037878158,-0.10884937517448937,-0.10884937517448937,-1.42488702369803,-0.7217427156047488,0.0,0.0,1.0,0.0,1.0,0.0,0.0,0.0,1.0,1.0,0.0,0.0,0.0,0
-0.6033688222556995,-0.5640488340725939,1.160867745546126,-1.0100505037878158,-0.026043366608526217,-0.026043366608526217,0.7018100265975371,-0.7217427156047488,1.0,0.0,1.0,0.0,0.0,1.0,0.0,0.0,1.0,1.0,0.0,0.0,0.0,0
-0.7006863742324253,-1.003927555227791,0.48643252083056454,0.9900495037128095,-0.08462404831381476,-0.08462404831381476,0.7018100265975371,-0.7217427156047488,2.0,1.0,0.0,0.0,0.0,1.0,0.0,1.0,0.0,1.0,0.0,0.0,0.0,0
-1.2845916860927797,0.02883118139745465,-0.24439063906529737,-1.0100505037878158,0.08974873919688232,0.08974873919688232,0.7018100265975371,1.385535286160941,1.0,0.0,0.0,1.0,0.0,1.0,0.0,0.0,1.0,0.0,0.0,0.0,1.0,1
1.2456646653020895,0.8894634619184929,-1.090653666259412,0.9900495037128095,-0.3770867601508113,-0.3770867601508113,-1.42488702369803,-0.7217427156047488,0.0,0.0,1.0,0.0,0.0,1.0,1.0,0.0,0.0,0.0,0.0,1.0,0.0,0
-1.527885566034594,0.6025860350781468,-1.4107772982672593,0.9900495037128095,-0.11975387012967793,-0.11975387012967793,-1.42488702369803,-0.7217427156047488,0.0,0.0,1.0,0.0,1.0,0.0,0.0,0.0,1.0,0.0,0.0,0.0,1.0,1
-0.7980039262091511,-0.7170501283874451,0.945083993596315,0.9900495037128095,0.01900582817509655,0.01900582817509655,0.7018100265975371,-0.7217427156047488,2.0,0.0,1.0,0.0,0.0,1.0,0.0,0.0,1.0,1.0,0.0,0.0,0.0,0
1.5376173212322668,-0.8891765844916528,-1.0968696591139333,0.9900495037128095,-0.3808804432569599,-0.3808804432569599,0.7018100265975371,1.385535286160941,2.0,0.0,0.0,1.0,1.0,0.0,0.0,1.0,0.0,0.0,0.0,1.0,0.0,0
0.27248914553483217,-1.2143043349107117,-1.770860884339886,-1.0100505037878158,-0.40784673238327573,-0.40784673238327573,0.7018100265975371,1.385535286160941,1.0,0.0,0.0,1.0,1.0,0.0,0.0,1.0,0.0,0.0,1.0,0.0,0.0,0
-1.6252031180113198,1.271966697705621,-0.4597303915254997,-1.0100505037878158,1.0515706296401601,1.0515706296401601,0.7018100265975371,-0.7217427156047488,1.0,1.0,0.0,0.0,1.0,0.0,1.0,0.0,0.0,0.0,0.0,0.0,1.0,0
1.5376173212322668,1.5205938009672542,-0.4361984185762405,-1.0100505037878158,-0.35105344235012065,-0.35105344235012065,0.7018100265975371,-0.7217427156047488,1.0,0.0,1.0,0.0,1.0,0.0,1.0,0.0,0.0,0.0,0.0,1.0,0.0,0
0.7590769054184608,-1.424681114593632,-0.459286392035891,0.9900495037128095,-0.332155607201536,-0.332155607201536,0.7018100265975371,-0.7217427156047488,2.0,0.0,1.0,0.0,0.0,1.0,0.0,1.0,0.0,0.0,0.0,1.0,0.0,0
-1.576544342022957,0.41133441718458275,0.21070883778358382,0.9900495037128095,1.1990084885134389,1.1990084885134389,-1.42488702369803,-0.7217427156047488,0.0,0.0,1.0,0.0,1.0,0.0,0.0,0.0,1.0,0.0,0.0,0.0,1.0,1
-1.1386153581276912,-0.946552069859722,0.013129064907728083,0.9900495037128095,0.03364301563417658,0.03364301563417658,-1.42488702369803,-0.7217427156047488,0.0,1.0,0.0,0.0,0.0,1.0,0.0,1.0,0.0,1.0,0.0,0.0,0.0,0
0.9537120093719124,0.7173370058142852,-1.568397117078335,0.9900495037128095,-0.39901117062271,-0.39901117062271,0.7018100265975371,-0.7217427156047488,2.0,0.0,1.0,0.0,0.0,1.0,1.0,0.0,0.0,0.0,0.0,1.0,0.0,0
1.1970058893137268,-1.6159327324871962,-0.8779779107368617,-1.0100505037878158,-0.36573067436475104,-0.36573067436475104,0.7018100265975371,-0.7217427156047488,1.0,0.0,1.0,0.0,0.0,1.0,0.0,1.0,0.0,0.0,0.0,1.0,0.0,0
0.5157830254766466,0.3157086082378007,-0.8784219102264704,-1.0100505037878158,-0.35051734448721894,-0.35051734448721894,-1.42488702369803,-0.7217427156047488,0.0,1.0,0.0,0.0,0.0,1.0,0.0,0.0,1.0,0.0,1.0,0.0,0.0,0
1.099688337337001,-0.39192237796838625,1.3651075107661117,-1.0100505037878158,-0.2472810145208662,-0.2472810145208662,-1.42488702369803,-0.7217427156047488,0.0,1.0,0.0,0.0,1.0,0.0,0.0,0.0,1.0,0.0,0.0,1.0,0.0,0
0.5157830254766466,1.6353447717033927,1.1710797338071253,0.9900495037128095,-0.21664726812245716,-0.21664726812245716,0.7018100265975371,1.385535286160941,2.0,0.0,0.0,1.0,0.0,1.0,1.0,0.0,0.0,0.0,1.0,0.0,0.0,0
0.6131005774533722,0.946838947286562,-0.21819466917838617,-1.0100505037878158,-0.3118621409473622,-0.3118621409473622,0.7018100265975371,-0.7217427156047488,1.0,1.0,0.0,0.0,1.0,0.0,1.0,0.0,0.0,0.0,0.0,1.0,0.0,0
-0.26275739033715945,-0.2580462454428914,0.312384720903968,-1.0100505037878158,-0.19832779143984716,-0.19832779143984716,0.7018100265975371,1.385535286160941,1.0,0.0,0.0,1.0,0.0,1.0,0.0,0.0,1.0,0.0,1.0,0.0,0.0,0
0.7590769054184608,1.367592506652403,1.3597795168908078,-1.0100505037878158,-0.2247620595298832,-0.2247620595298832,0.7018100265975371,-0.7217427156047488,2.0,0.0,1.0,0.0,0.0,1.0,1.0,0.0,0.0,0.0,0.0,1.0,0.0,0
0.4671242494882836,-1.1951791731213552,-1.687832979783066,-1.0100505037878158,-0.40309294828596337,-0.40309294828596337,0.7018100265975371,-0.7217427156047488,1.0,1.0,0.0,0.0,0.0,1.0,0.0,1.0,0.0,0.0,1.0,0.0,0.0,0
0.32114792152319505,-1.5776824089084833,1.6537071790117437,-1.0100505037878158,-0.16356204462988314,-0.16356204462988314,-1.42488702369803,-0.7217427156047488,0.0,0.0,1.0,0.0,1.0,0.0,0.0,1.0,0.0,0.0,1.0,0.0,0.0,0
1.3916409932671783,0.8512131383397801,-0.2466106365133407,-1.0100505037878158,-0.33906003982460486,-0.33906003982460486,0.7018100265975371,-0.7217427156047488,1.0,0.0,1.0,0.0,1.0,0.0,1.0,0.0,0.0,0.0,0.0,1.0,0.0,0
1.6835936491973553,0.46870990255265194,0.8718240778108853,-1.0100505037878158,-0.2972782800779678,-0.2972782800779678,-1.42488702369803,1.385535286160941,0.0,0.0,0.0,1.0,1.0,0.0,0.0,0.0,1.0,0.0,0.0,1.0,0.0,0
-0.4573924942906109,0.14358215213359307,0.022009054699901373,-1.0100505037878158,-0.1989629098736171,-0.1989629098736171,0.7018100265975371,-0.7217427156047488,1.0,1.0,0.0,0.0,1.0,0.0,0.0,0.0,1.0,0.0,1.0,0.0,0.0,0
-0.3114161663255223,0.3730840936058699,-0.5498622879160586,0.9900495037128095,-0.27927754424495727,-0.27927754424495727,-1.42488702369803,-0.7217427156047488,0.0,0.0,1.0,0.0,0.0,1.0,0.0,0.0,1.0,0.0,1.0,0.0,0.0,0
0.029195265593017793,0.7364621676036416,-0.673738145516876,-1.0100505037878158,-0.31559270520326715,-0.31559270520326715,0.7018100265975371,-0.7217427156047488,1.0,0.0,1.0,0.0,1.0,0.0,1.0,0.0,0.0,0.0,1.0,0.0,0.0,0
0.029195265593017793,-1.520306923540414,1.2074876919550357,0.9900495037128095,-0.15950370140213893,-0.15950370140213893,-1.42488702369803,1.385535286160941,0.0,0.0,0.0,1.0,1.0,0.0,0.0,1.0,0.0,0.0,1.0,0.0,0.0,0
-1.6252031180113198,-0.9656772316490784,-1.2131975253914036,-1.0100505037878158,0.2805319655170356,0.2805319655170356,0.7018100265975371,1.385535286160941,2.0,0.0,0.0,1.0,1.0,0.0,0.0,1.0,0.0,0.0,0.0,0.0,1.0,0
0.27248914553483217,0.564335711499434,1.3508995270986344,-1.0100505037878158,-0.17966368467514846,-0.17966368467514846,0.7018100265975371,1.385535286160941,1.0,0.0,0.0,1.0,0.0,1.0,0.0,0.0,1.0,0.0,1.0,0.0,0.0,0
0.6617593534417351,1.0807150798120568,-0.48059836753710694,-1.0100505037878158,-0.33007431657787734,-0.33007431657787734,0.7018100265975371,1.385535286160941,2.0,0.0,0.0,1.0,1.0,0.0,1.0,0.0,0.0,0.0,0.0,1.0,0.0,0
0.6617593534417351,1.0615899180227004,-1.824140823092926,-1.0100505037878158,-0.4125668209138788,-0.4125668209138788,0.7018100265975371,-0.7217427156047488,1.0,1.0,0.0,0.0,1.0,0.0,1.0,0.0,0.0,0.0,0.0,1.0,0.0,0
-0.3600749423138852,1.4440931538098285,0.3408006882389225,0.9900495037128095,-0.18024561585091795,-0.18024561585091795,0.7018100265975371,-0.7217427156047488,1.0,0.0,1.0,0.0,0.0,1.0,1.0,0.0,0.0,0.0,1.0,0.0,0.0,0
-1.0412978061509655,-1.1186785259639296,0.512184491227867,-1.0100505037878158,0.07570920194207703,0.07570920194207703,0.7018100265975371,-0.7217427156047488,2.0,0.0,1.0,0.0,1.0,0.0,0.0,1.0,0.0,1.0,0.0,0.0,0.0,0
1.5862760972206298,-1.4055559528042756,-0.3869144752296787,-1.0100505037878158,-0.349815008260341,-0.349815008260341,-1.42488702369803,-0.7217427156047488,0.0,0.0,1.0,0.0,0.0,1.0,0.0,1.0,0.0,0.0,0.0,1.0,0.0,0
1.5862760972206298,-0.37279721617902983,0.6649203156532477,-1.0100505037878158,-0.30301655074432343,-0.30301655074432343,-1.42488702369803,1.385535286160941,0.0,0.0,0.0,1.0,0.0,1.0,0.0,0.0,1.0,0.0,0.0,1.0,0.0,0
1.0023707853602752,-1.558557247119127,0.03710503734659597,-1.0100505037878158,-0.31285430162780875,-0.31285430162780875,0.7018100265975371,-0.7217427156047488,1.0,1.0,0.0,0.0,1.0,0.0,0.0,1.0,0.0,0.0,0.0,1.0,0.0,0
1.6349348732089926,1.0998402416014132,0.23690480767049502,-1.0100505037878158,-0.32341478573024435,-0.32341478573024435,-1.42488702369803,1.385535286160941,0.0,0.0,0.0,1.0,1.0,0.0,1.0,0.0,0.0,0.0,0.0,1.0,0.0,0
0.4671242494882836,1.6353447717033927,-0.108526795245046,-1.0100505037878158,-0.2976927076457304,-0.2976927076457304,-1.42488702369803,1.385535286160941,0.0,0.0,0.0,1.0,0.0,1.0,1.0,0.0,0.0,0.0,1.0,0.0,0.0,0
1.3916409932671783,-0.6022991576513067,1.5427073066095776,-1.0100505037878158,-0.2545502039218935,-0.2545502039218935,0.7018100265975371,-0.7217427156047488,2.0,0.0,1.0,0.0,0.0,1.0,0.0,0.0,1.0,0.0,0.0,1.0,0.0,0
1.3916409932671783,-0.00941914218125816,-0.5822742506574912,-1.0100505037878158,-0.35491349787484056,-0.35491349787484056,-1.42488702369803,-0.7217427156047488,0.0,0.0,1.0,0.0,0.0,1.0,0.0,0.0,1.0,0.0,0.0,1.0,0.0,0
0.710418129430098,0.8894634619184929,0.004693074605163455,0.9900495037128095,-0.30256452084901564,-0.30256452084901564,0.7018100265975371,-0.7217427156047488,2.0,0.0,1.0,0.0,1.0,0.0,1.0,0.0,0.0,0.0,0.0,1.0,0.0,0
0.36980669751155787,-1.042177878806504,-1.0542457081115015,-1.0100505037878158,-0.3582587185955778,-0.3582587185955778,-1.42488702369803,-0.7217427156047488,0.0,0.0,1.0,0.0,0.0,1.0,0.0,1.0,0.0,0.0,1.0,0.0,0.0,0
-1.4305680140578683,0.5452105497100775,-0.5187823236434521,0.9900495037128095,0.18654560423660083,0.18654560423660083,-1.42488702369803,-0.7217427156047488,0.0,1.0,0.0,0.0,1.0,0.0,0.0,0.0,1.0,0.0,0.0,0.0,1.0,1
1.099688337337001,-1.6159327324871962,-1.2762454529158338,-1.0100505037878158,-0.38471923589463053,-0.38471923589463053,0.7018100265975371,1.385535286160941,1.0,0.0,0.0,1.0,0.0,1.0,0.0,1.0,0.0,0.0,0.0,1.0,0.0,0
-1.3819092380695055,-0.21979592186417862,-0.9352538448963794,0.9900495037128095,-0.04870427018727745,-0.04870427018727745,0.7018100265975371,-0.7217427156047488,1.0,1.0,0.0,0.0,0.0,1.0,0.0,0.0,1.0,0.0,0.0,0.0,1.0,0
-1.2845916860927797,0.7364621676036416,0.43626057850478545,0.9900495037128095,0.2987061237756832,0.2987061237756832,-1.42488702369803,-0.7217427156047488,0.0,0.0,1.0,0.0,0.0,1.0,1.0,0.0,0.0,0.0,0.0,0.0,1.0,1
1.488958545243904,1.3102170212843338,0.8549520972057562,-1.0100505037878158,-0.2909096836707253,-0.2909096836707253,0.7018100265975371,-0.7217427156047488,2.0,1.0,0.0,0.0,0.0,1.0,1.0,0.0,0.0,0.0,0.0,1.0,0.0,0
0.41846547349992075,1.2145912123375517,-0.5223343195603214,-1.0100505037878158,-0.32327415236276674,-0.32327415236276674,0.7018100265975371,-0.7217427156047488,1.0,1.0,0.0,0.0,1.0,0.0,1.0,0.0,0.0,0.0,1.0,0.0,0.0,0
-0.1654398383604337,1.6162196099140362,-0.9063938780718163,-1.0100505037878158,-0.3249566388318627,-0.3249566388318627,0.7018100265975371,-0.7217427156047488,2.0,1.0,0.0,0.0,0.0,1.0,1.0,0.0,0.0,0.0,1.0,0.0,0.0,0
1.0023707853602752,0.08620666676552387,0.508188495821389,0.9900495037128095,-0.2874822201640915,-0.2874822201640915,0.7018100265975371,-0.7217427156047488,2.0,0.0,1.0,0.0,1.0,0.0,0.0,0.0,1.0,0.0,0.0,1.0,0.0,0
1.488958545243904,-1.4629314381723448,-1.3410693783986989,0.9900495037128095,-0.3915321315221481,-0.3915321315221481,-1.42488702369803,-0.7217427156047488,0.0,0.0,1.0,0.0,1.0,0.0,0.0,1.0,0.0,0.0,0.0,1.0,0.0,0
-0.26275739033715945,-0.8318010991235836,-1.3370733829922208,-1.0100505037878158,-0.36167536707906295,-0.36167536707906295,-1.42488702369803,-0.7217427156047488,0.0,0.0,1.0,0.0,1.0,0.0,0.0,1.0,0.0,0.0,1.0,0.0,0.0,0
-0.8466627021975139,-1.3481804674362066,0.8216521354851063,-1.0100505037878158,0.02200456428777339,0.02200456428777339,0.7018100265975371,1.385535286160941,1.0,0.0,0.0,1.0,0.0,1.0,0.0,1.0,0.0,1.0,0.0,0.0,0.0,0
0.1751715935581064,0.8129628147610672,1.2239156730705565,-1.0100505037878158,-0.17754769339217732,-0.17754769339217732,0.7018100265975371,1.385535286160941,1.0,0.0,0.0,1.0,1.0,0.0,1.0,0.0,0.0,0.0,1.0,0.0,0.0,0
-0.6033688222556995,0.5452105497100775,1.2185876791952523,-1.0100505037878158,-0.0186601148159506,-0.0186601148159506,0.7018100265975371,-0.7217427156047488,1.0,0.0,1.0,0.0,0.0,1.0,0.0,0.0,1.0,1.0,0.0,0.0,0.0,0
1.0023707853602752,0.18183247571230587,0.6937802824778109,-1.0100505037878158,-0.2774864331218353,-0.2774864331218353,-1.42488702369803,-0.7217427156047488,0.0,1.0,0.0,0.0,0.0,1.0,0.0,0.0,1.0,0.0,0.0,1.0,0.0,0
0.8077356814068237,1.3293421830736902,-0.108526795245046,0.9900495037128095,-0.313437246326671,-0.313437246326671,0.7018100265975371,1.385535286160941,2.0,0.0,0.0,1.0,0.0,1.0,1.0,0.0,0.0,0.0,0.0,1.0,0.0,0
-0.6033688222556995,-1.558557247119127,-1.168797576430537,0.9900495037128095,-0.32404276780578867,-0.32404276780578867,0.7018100265975371,-0.7217427156047488,1.0,1.0,0.0,0.0,1.0,0.0,0.0,1.0,0.0,1.0,0.0,0.0,0.0,0
-0.21409861434879657,0.6790866822355724,0.5370484626459523,0.9900495037128095,-0.18360479957431722,-0.18360479957431722,0.7018100265975371,-0.7217427156047488,2.0,1.0,0.0,0.0,1.0,0.0,0.0,0.0,1.0,0.0,1.0,0.0,0.0,0
-0.1654398383604337,-0.2771714072322478,-0.46283838795276033,0.9900495037128095,-0.283693038603706,-0.283693038603706,0.7018100265975371,-0.7217427156047488,1.0,0.0,1.0,0.0,1.0,0.0,0.0,0.0,1.0,0.0,1.0,0.0,0.0,0
-0.7980039262091511,0.7173370058142852,-0.7043741102998738,0.9900495037128095,-0.2341829140656879,-0.2341829140656879,0.7018100265975371,-0.7217427156047488,1.0,0.0,1.0,0.0,1.0,0.0,1.0,0.0,0.0,1.0,0.0,0.0,0.0,0
-1.187274134116054,-1.1760540113319988,1.4170554510503255,-1.0100505037878158,0.4303551826617618,0.4303551826617618,0.7018100265975371,1.385535286160941,2.0,0.0,0.0,1.0,1.0,0.0,0.0,1.0,0.0,0.0,0.0,0.0,1.0,0
1.1970058893137268,-1.7115585414339782,-1.7983888526956233,0.9900495037128095,-0.412052432647755,-0.412052432647755,0.7018100265975371,1.385535286160941,1.0,0.0,0.0,1.0,1.0,0.0,0.0,1.0,0.0,0.0,0.0,1.0,0.0,0
1.3916409932671783,-0.37279721617902983,1.294511591918334,0.9900495037128095,-0.2662725359987212,-0.2662725359987212,0.7018100265975371,-0.7217427156047488,1.0,1.0,0.0,0.0,1.0,0.0,0.0,0.0,1.0,0.0,0.0,1.0,0.0,0
-1.1386153581276912,0.02883118139745465,0.9046800400419266,0.9900495037128095,0.24418364899974038,0.24418364899974038,0.7018100265975371,-0.7217427156047488,2.0,0.0,1.0,0.0,1.0,0.0,0.0,0.0,1.0,1.0,0.0,0.0,0.0,0
1.1970058893137268,-1.1951791731213552,-1.5350971553576853,-1.0100505037878158,-0.39880168365507707,-0.39880168365507707,0.7018100265975371,-0.7217427156047488,1.0,1.0,0.0,0.0,1.0,0.0,0.0,1.0,0.0,0.0,0.0,1.0,0.0,0
-0.1654398383604337,0.7173370058142852,1.0822798358853924,0.9900495037128095,-0.13995196873985674,-0.13995196873985674,-1.42488702369803,-0.7217427156047488,0.0,1.0,0.0,0.0,1.0,0.0,1.0,0.0,0.0,0.0,1.0,0.0,0.0,0
-0.7493451502207882,0.46870990255265194,0.9486359895131844,0.9900495037128095,-0.0012323952000688908,-0.0012323952000688908,0.7018100265975371,-0.7217427156047488,2.0,0.0,1.0,0.0,0.0,1.0,0.0,0.0,1.0,1.0,0.0,0.0,0.0,0
0.9537120093719124,-0.10504495112804019,0.937092002783359,0.9900495037128095,-0.2616583468902791,-0.2616583468902791,0.7018100265975371,-0.7217427156047488,2.0,1.0,0.0,0.0,0.0,1.0,0.0,0.0,1.0,0.0,0.0,1.0,0.0,0
1.5862760972206298,0.14358215213359307,1.510295343868145,-1.0100505037878158,-0.2654039449568614,-0.2654039449568614,0.7018100265975371,1.385535286160941,1.0,0.0,0.0,1.0,0.0,1.0,0.0,0.0,1.0,0.0,0.0,1.0,0.0,0
-0.9926390301626025,1.5779692863353234,1.5258353260044484,-1.0100505037878158,0.23941293245684536,0.23941293245684536,0.7018100265975371,1.385535286160941,2.0,0.0,0.0,1.0,1.0,0.0,1.0,0.0,0.0,1.0,0.0,0.0,0.0,0
-0.40873371830224803,-1.5394320853297705,-1.4067813028607812,0.9900495037128095,-0.3634011792846724,-0.3634011792846724,0.7018100265975371,-0.7217427156047488,2.0,0.0,1.0,0.0,1.0,0.0,0.0,1.0,0.0,0.0,1.0,0.0,0.0,0
0.8077356814068237,0.18183247571230587,0.13034493016441553,0.9900495037128095,-0.29960088244485156,-0.29960088244485156,0.7018100265975371,-0.7217427156047488,1.0,1.0,0.0,0.0,0.0,1.0,0.0,0.0,1.0,0.0,0.0,1.0,0.0,0
-0.6520275982440624,-0.1815455982854658,-0.5667342685211878,-1.0100505037878158,-0.23964405107721307,-0.23964405107721307,0.7018100265975371,1.385535286160941,2.0,0.0,0.0,1.0,1.0,0.0,0.0,0.0,1.0,1.0,0.0,0.0,0.0,0
-1.0412978061509655,-1.0230527170171475,-0.5485302894472326,0.9900495037128095,-0.1413811184574686,-0.1413811184574686,-1.42488702369803,-0.7217427156047488,0.0,1.0,0.0,0.0,1.0,0.0,0.0,1.0,0.0,1.0,0.0,0.0,0.0,0
0.32114792152319505,0.3157086082378007,1.1493237588163008,-1.0100505037878158,-0.19957223727259885,-0.19957223727259885,0.7018100265975371,-0.7217427156047488,1.0,1.0,0.0,0.0,1.0,0.0,0.0,0.0,1.0,0.0,1.0,0.0,0.0,0
1.1483471133253638,-1.2525546584894245,0.21292883523162714,0.9900495037128095,-0.30906044609131605,-0.30906044609131605,0.7018100265975371,-0.7217427156047488,1.0,1.0,0.0,0.0,1.0,0.0,0.0,1.0,0.0,0.0,0.0,1.0,0.0,0
0.5644418014650093,-0.659674643019376,-0.5258863154771907,0.9900495037128095,-0.32935302967198726,-0.32935302967198726,0.7018100265975371,-0.7217427156047488,1.0,1.0,0.0,0.0,0.0,1.0,0.0,0.0,1.0,0.0,1.0,0.0,0.0,0
1.051029561348638,-0.44929786333645544,-0.18933470235382296,0.9900495037128095,-0.32663376041098163,-0.32663376041098163,0.7018100265975371,1.385535286160941,2.0,0.0,0.0,1.0,1.0,0.0,0.0,0.0,1.0,0.0,0.0,1.0,0.0,0
-0.6033688222556995,-1.2525546584894245,-1.1670215784721023,-1.0100505037878158,-0.32381559082755557,-0.32381559082755557,-1.42488702369803,1.385535286160941,0.0,0.0,0.0,1.0,0.0,1.0,0.0,1.0,0.0,1.0,0.0,0.0,0.0,0
-1.3332504620811425,0.46870990255265194,-1.6660770047922413,-1.0100505037878158,-0.3389039284652036,-0.3389039284652036,0.7018100265975371,-0.7217427156047488,2.0,0.0,1.0,0.0,1.0,0.0,0.0,0.0,1.0,0.0,0.0,0.0,1.0,1
0.9050532333835495,-0.8126759373342272,-1.0222777448596778,0.9900495037128095,-0.3682028745064173,-0.3682028745064173,0.7018100265975371,-0.7217427156047488,2.0,0.0,1.0,0.0,0.0,1.0,0.0,1.0,0.0,0.0,0.0,1.0,0.0,0
-0.5060512702789738,1.3102170212843338,-0.17113072327986772,-1.0100505037878158,-0.21338573546605663,-0.21338573546605663,-1.42488702369803,1.385535286160941,0.0,0.0,0.0,1.0,0.0,1.0,1.0,0.0,0.0,0.0,1.0,0.0,0.0,0
-0.26275739033715945,-0.48754818691516827,-0.016618900896052443,0.9900495037128095,-0.23090936709224524,-0.23090936709224524,0.7018100265975371,1.385535286160941,2.0,0.0,0.0,1.0,1.0,0.0,0.0,0.0,1.0,0.0,1.0,0.0,0.0,0
-0.3600749423138852,1.2337163741269082,1.6399431948338752,-1.0100505037878158,-0.04271737344194493,-0.04271737344194493,0.7018100265975371,1.385535286160941,2.0,0.0,0.0,1.0,0.0,1.0,1.0,0.0,0.0,0.0,1.0,0.0,0.0,0
1.3916409932671783,-1.5968075706978397,1.1106958032203469,-1.0100505037878158,-0.27495419159765977,-0.27495419159765977,-1.42488702369803,-0.7217427156047488,0.0,0.0,1.0,0.0,1.0,0.0,0.0,1.0,0.0,0.0,0.0,1.0,0.0,0
0.6617593534417351,0.12445699034423667,-1.0782216805503695,-1.0100505037878158,-0.3667679421020868,-0.3667679421020868,0.7018100265975371,-0.7217427156047488,2.0,0.0,1.0,0.0,0.0,1.0,0.0,0.0,1.0,0.0,0.0,1.0,0.0,0
0.8563944573951866,1.4823434773885413,1.0685158517075237,0.9900495037128095,-0.2484370073554911,-0.2484370073554911,0.7018100265975371,-0.7217427156047488,2.0,0.0,1.0,0.0,1.0,0.0,1.0,0.0,0.0,0.0,0.0,1.0,0.0,0
-0.26275739033715945,-0.5449236722832375,-1.0355977295479377,-1.0100505037878158,-0.33181991516546194,-0.33181991516546194,0.7018100265975371,1.385535286160941,1.0,0.0,0.0,1.0,0.0,1.0,0.0,0.0,1.0,0.0,1.0,0.0,0.0,0
0.6131005774533722,-1.3864307910149194,1.2612116301976841,0.9900495037128095,-0.2191739338282594,-0.2191739338282594,0.7018100265975371,-0.7217427156047488,2.0,1.0,0.0,0.0,0.0,1.0,0.0,1.0,0.0,0.0,0.0,1.0,0.0,0
0.36980669751155787,1.1954660505481953,-0.08810281872304744,-1.0100505037878158,-0.2908491134180485,-0.2908491134180485,0.7018100265975371,-0.7217427156047488,2.0,1.0,0.0,0.0,1.0,0.0,1.0,0.0,0.0,0.0,1.0,0.0,0.0,0
-1.7225206699880455,-1.424681114593632,-0.8162619816812573,0.9900495037128095,2.893975923110561,2.893975923110561,-1.42488702369803,-0.7217427156047488,0.0,0.0,1.0,0.0,0.0,1.0,0.0,1.0,0.0,0.0,0.0,0.0,1.0,1
1.6835936491973553,0.8129628147610672,-1.5342091563784679,-1.0100505037878158,-0.40131253740572626,-0.40131253740572626,0.7018100265975371,-0.7217427156047488,1.0,0.0,1.0,0.0,1.0,0.0,1.0,0.0,0.0,0.0,0.0,1.0,0.0,0
-0.11678106237207082,1.1189654033907697,-1.1759015682642757,0.9900495037128095,-0.35199555864220494,-0.35199555864220494,0.7018100265975371,1.385535286160941,2.0,0.0,0.0,1.0,0.0,1.0,1.0,0.0,0.0,0.0,1.0,0.0,0.0,0
-1.4792267900462313,0.02883118139745465,-1.1501495978669731,0.9900495037128095,-0.035925565161665854,-0.035925565161665854,0.7018100265975371,-0.7217427156047488,2.0,1.0,0.0,0.0,0.0,1.0,0.0,0.0,1.0,0.0,0.0,0.0,1.0,0
-0.3600749423138852,-0.41104753975774266,-1.0990896565619768,-1.0100505037878158,-0.3326735345564201,-0.3326735345564201,-1.42488702369803,-0.7217427156047488,0.0,0.0,1.0,0.0,0.0,1.0,0.0,0.0,1.0,0.0,1.0,0.0,0.0,0
1.5862760972206298,1.2145912123375517,-0.9388058408132488,-1.0100505037878158,-0.37436987642936165,-0.37436987642936165,0.7018100265975371,-0.7217427156047488,2.0,1.0,0.0,0.0,1.0,0.0,1.0,0.0,0.0,0.0,0.0,1.0,0.0,0
-0.8466627021975139,-0.9656772316490784,-1.3681533472648275,0.9900495037128095,-0.3318176009687397,-0.3318176009687397,0.7018100265975371,1.385535286160941,2.0,0.0,0.0,1.0,1.0,0.0,0.0,1.0,0.0,1.0,0.0,0.0,0.0,0
0.32114792152319505,-0.6214243194406631,1.2962875898767687,0.9900495037128095,-0.18907983078955407,-0.18907983078955407,0.7018100265975371,-0.7217427156047488,2.0,0.0,1.0,0.0,1.0,0.0,0.0,0.0,1.0,0.0,1.0,0.0,0.0,0
-1.3819092380695055,0.8894634619184929,1.2940675924287255,0.9900495037128095,0.8067874355940002,0.8067874355940002,-1.42488702369803,-0.7217427156047488,0.0,1.0,0.0,0.0,1.0,0.0,1.0,0.0,0.0,0.0,0.0,0.0,1.0,1
0.32114792152319505,-0.5449236722832375,0.8545080977161474,0.9900495037128095,-0.22062044846517215,-0.22062044846517215,0.7018100265975371,-0.7217427156047488,1.0,0.0,1.0,0.0,0.0,1.0,0.0,0.0,1.0,0.0,1.0,0.0,0.0,0
-0.3600749423138852,-0.946552069859722,0.8274241288500189,-1.0100505037878158,-0.12873127761433747,-0.12873127761433747,0.7018100265975371,1.385535286160941,1.0,0.0,0.0,1.0,0.0,1.0,0.0,1.0,0.0,0.0,1.0,0.0,0.0,0
1.488958545243904,0.5452105497100775,-1.4471852564151697,0.9900495037128095,-0.3963943969965699,-0.3963943969965699,-1.42488702369803,1.385535286160941,0.0,0.0,0.0,1.0,1.0,0.0,0.0,0.0,1.0,0.0,0.0,1.0,0.0,0
1.440299769255541,1.5779692863353234,-0.5676222675004052,-1.0100505037878158,-0.35517117693686434,-0.35517117693686434,-1.42488702369803,1.385535286160941,0.0,0.0,0.0,1.0,1.0,0.0,1.0,0.0,0.0,0.0,0.0,1.0,0.0,0
0.6131005774533722,-0.37279721617902983,0.11258495058006894,0.9900495037128095,-0.2911380370146696,-0.2911380370146696,0.7018100265975371,-0.7217427156047488,1.0,1.0,0.0,0.0,0.0,1.0,0.0,0.0,1.0,0.0,0.0,1.0,0.0,0
1.051029561348638,1.1572157269694825,-1.2318455039549674,-1.0100505037878158,-0.38181426505490995,-0.38181426505490995,0.7018100265975371,-0.7217427156047488,2.0,0.0,1.0,0.0,1.0,0.0,1.0,0.0,0.0,0.0,0.0,1.0,0.0,0
-1.6252031180113198,-0.7935507755448707,0.006469072563598114,-1.0100505037878158,1.5286422839296596,1.5286422839296596,0.7018100265975371,-0.7217427156047488,1.0,0.0,1.0,0.0,0.0,1.0,0.0,1.0,0.0,0.0,0.0,0.0,1.0,0
1.440299769255541,0.2774582846590879,1.2518876409159023,0.9900495037128095,-0.2705374263187531,-0.2705374263187531,0.7018100265975371,1.385535286160941,1.0,0.0,0.0,1.0,1.0,0.0,0.0,0.0,1.0,0.0,0.0,1.0,0.0,0
1.0023707853602752,-1.3481804674362066,0.8620560890394947,0.9900495037128095,-0.2684232673586413,-0.2684232673586413,0.7018100265975371,-0.7217427156047488,2.0,1.0,0.0,0.0,1.0,0.0,0.0,1.0,0.0,0.0,0.0,1.0,0.0,0
-0.9439802541742397,-1.6924333796446218,1.550255297932925,0.9900495037128095,0.2052161155569342,0.2052161155569342,0.7018100265975371,-0.7217427156047488,2.0,0.0,1.0,0.0,1.0,0.0,0.0,1.0,0.0,1.0,0.0,0.0,0.0,0
-0.8953214781858768,0.8512131383397801,1.424159442884064,-1.0100505037878158,0.1491479464388956,0.1491479464388956,0.7018100265975371,1.385535286160941,2.0,0.0,0.0,1.0,0.0,1.0,1.0,0.0,0.0,1.0,0.0,0.0,0.0,0
-1.6738618939996828,-1.0995533641745732,1.43215143369702,0.9900495037128095,4.6898099360431775,4.6898099360431775,-1.42488702369803,1.385535286160941,0.0,0.0,0.0,1.0,1.0,0.0,0.0,1.0,0.0,0.0,0.0,0.0,1.0,1
-1.1386153581276912,-0.37279721617902983,-1.778852875152842,-1.0100505037878158,-0.38953526935756416,-0.38953526935756416,-1.42488702369803,-0.7217427156047488,0.0,1.0,0.0,0.0,0.0,1.0,0.0,0.0,1.0,1.0,0.0,0.0,0.0,0
-0.5060512702789738,1.0998402416014132,1.0081319211207453,-1.0100505037878158,-0.07414372296134117,-0.07414372296134117,0.7018100265975371,-0.7217427156047488,2.0,0.0,1.0,0.0,0.0,1.0,1.0,0.0,0.0,0.0,1.0,0.0,0.0,0
0.5644418014650093,-0.6405494812300195,0.8518441007784955,0.9900495037128095,-0.24123675923982552,-0.24123675923982552,-1.42488702369803,1.385535286160941,0.0,0.0,0.0,1.0,0.0,1.0,0.0,0.0,1.0,0.0,1.0,0.0,0.0,0
-1.235932910104417,-1.0230527170171475,-1.616349061956071,-1.0100505037878158,-0.3392068311028478,-0.3392068311028478,0.7018100265975371,1.385535286160941,1.0,0.0,0.0,1.0,1.0,0.0,0.0,1.0,0.0,0.0,0.0,0.0,1.0,0
0.27248914553483217,-0.5831739958619503,-1.37392534062974,-1.0100505037878158,-0.37883298687750616,-0.37883298687750616,0.7018100265975371,-0.7217427156047488,1.0,1.0,0.0,0.0,0.0,1.0,0.0,0.0,1.0,0.0,1.0,0.0,0.0,0
-0.7006863742324253,-1.0613030405958603,0.9788279548065736,0.9900495037128095,-0.015913338624586833,-0.015913338624586833,0.7018100265975371,1.385535286160941,1.0,0.0,0.0,1.0,1.0,0.0,0.0,1.0,0.0,1.0,0.0,0.0,0.0,0
1.0023707853602752,0.18183247571230587,0.5552524417199075,0.9900495037128095,-0.2849474033543328,-0.2849474033543328,0.7018100265975371,-0.7217427156047488,1.0,0.0,1.0,0.0,0.0,1.0,0.0,0.0,1.0,0.0,0.0,1.0,0.0,0
1.2943234412904525,1.2145912123375517,0.5796724136483841,-1.0100505037878158,-0.29632447197351497,-0.29632447197351497,0.7018100265975371,-0.7217427156047488,1.0,0.0,1.0,0.0,0.0,1.0,1.0,0.0,0.0,0.0,0.0,1.0,0.0,0
1.3916409932671783,-1.042177878806504,0.955739981346923,-1.0100505037878158,-0.2822727853271998,-0.2822727853271998,0.7018100265975371,-0.7217427156047488,2.0,0.0,1.0,0.0,1.0,0.0,0.0,1.0,0.0,0.0,0.0,1.0,0.0,0
-1.1386153581276912,0.5069602261313647,-1.5719491129952043,-1.0100505037878158,-0.340674743885277,-0.340674743885277,0.7018100265975371,-0.7217427156047488,1.0,1.0,0.0,0.0,0.0,1.0,0.0,0.0,1.0,1.0,0.0,0.0,0.0,0
1.6349348732089926,0.2774582846590879,0.5130724902070843,-1.0100505037878158,-0.311303007405017,-0.311303007405017,-1.42488702369803,-0.7217427156047488,0.0,1.0,0.0,0.0,0.0,1.0,0.0,0.0,1.0,0.0,0.0,1.0,0.0,0
-1.4792267900462313,-1.042177878806504,1.0609678603841766,-1.0100505037878158,1.0954157864391476,1.0954157864391476,0.7018100265975371,-0.7217427156047488,2.0,0.0,1.0,0.0,1.0,0.0,0.0,1.0,0.0,0.0,0.0,0.0,1.0,0
1.440299769255541,-1.3290553056468501,-1.0089577601714177,-1.0100505037878158,-0.3756997147881095,-0.3756997147881095,0.7018100265975371,1.385535286160941,1.0,0.0,0.0,1.0,0.0,1.0,0.0,1.0,0.0,0.0,0.0,1.0,0.0,0
-1.0412978061509655,0.946838947286562,0.17385688014606465,-1.0100505037878158,0.006465658976629718,0.006465658976629718,-1.42488702369803,-0.7217427156047488,0.0,0.0,1.0,0.0,1.0,0.0,1.0,0.0,0.0,1.0,0.0,0.0,0.0,0
1.440299769255541,0.43045957897393916,1.2749756143755528,-1.0100505037878158,-0.2694634987852876,-0.2694634987852876,-1.42488702369803,-0.7217427156047488,0.0,1.0,0.0,0.0,1.0,0.0,0.0,0.0,1.0,0.0,0.0,1.0,0.0,0
0.5157830254766466,1.5205938009672542,0.42249659432691683,0.9900495037128095,-0.2655434875225846,-0.2655434875225846,0.7018100265975371,-0.7217427156047488,2.0,0.0,1.0,0.0,1.0,0.0,1.0,0.0,0.0,0.0,1.0,0.0,0.0,0
-0.5060512702789738,-0.39192237796838625,-0.49569435018380154,-1.0100505037878158,-0.25170874417876266,-0.25170874417876266,0.7018100265975371,1.385535286160941,1.0,0.0,0.0,1.0,0.0,1.0,0.0,0.0,1.0,0.0,1.0,0.0,0.0,0
-1.0899565821393282,1.1954660505481953,0.6160803717962946,0.9900495037128095,0.1336782760163563,0.1336782760163563,0.7018100265975371,-0.7217427156047488,1.0,0.0,1.0,0.0,0.0,1.0,1.0,0.0,0.0,1.0,0.0,0.0,0.0,0
1.3916409932671783,-0.5640488340725939,-1.3650453508375668,0.9900495037128095,-0.39188392980945097,-0.39188392980945097,-1.42488702369803,1.385535286160941,0.0,0.0,0.0,1.0,1.0,0.0,0.0,0.0,1.0,0.0,0.0,1.0,0.0,0
1.051029561348638,0.2774582846590879,1.3038355812001161,-1.0100505037878158,-0.24759967305257835,-0.24759967305257835,-1.42488702369803,-0.7217427156047488,0.0,1.0,0.0,0.0,0.0,1.0,0.0,0.0,1.0,0.0,0.0,1.0,0.0,0
-0.7493451502207882,1.2528415359162646,-1.5217771706694254,0.9900495037128095,-0.3623788828826235,-0.3623788828826235,0.7018100265975371,-0.7217427156047488,1.0,1.0,0.0,0.0,0.0,1.0,1.0,0.0,0.0,1.0,0.0,0.0,0.0,0
1.1970058893137268,-1.003927555227791,1.4237154433944554,0.9900495037128095,-0.24989276074242014,-0.24989276074242014,-1.42488702369803,-0.7217427156047488,0.0,0.0,1.0,0.0,1.0,0.0,0.0,1.0,0.0,0.0,0.0,1.0,0.0,0
-1.235932910104417,-0.48754818691516827,1.395299476059501,-1.0100505037878158,0.5013066834544707,0.5013066834544707,0.7018100265975371,-0.7217427156047488,1.0,0.0,1.0,0.0,1.0,0.0,0.0,0.0,1.0,0.0,0.0,0.0,1.0,0
-0.7980039262091511,-0.12417011291739659,-0.878865909716079,0.9900495037128095,-0.26096707979936984,-0.26096707979936984,0.7018100265975371,-0.7217427156047488,2.0,1.0,0.0,0.0,0.0,1.0,0.0,0.0,1.0,1.0,0.0,0.0,0.0,0
0.9050532333835495,1.0615899180227004,-1.2229655141627942,-1.0100505037878158,-0.3794047647785656,-0.3794047647785656,0.7018100265975371,1.385535286160941,2.0,0.0,0.0,1.0,1.0,0.0,1.0,0.0,0.0,0.0,0.0,1.0,0.0,0
-1.3332504620811425,0.6790866822355724,-1.2593734723107046,-1.0100505037878158,-0.2001745204241936,-0.2001745204241936,-1.42488702369803,1.385535286160941,0.0,0.0,0.0,1.0,1.0,0.0,0.0,0.0,1.0,0.0,0.0,0.0,1.0,1
0.2238303695464693,-0.29629656902160423,1.4934233632630158,-1.0100505037878158,-0.16320562289318846,-0.16320562289318846,0.7018100265975371,-0.7217427156047488,1.0,1.0,0.0,0.0,0.0,1.0,0.0,0.0,1.0,0.0,1.0,0.0,0.0,0
1.051029561348638,-0.7935507755448707,0.796788164067021,-1.0100505037878158,-0.2744378912397019,-0.2744378912397019,-1.42488702369803,-0.7217427156047488,0.0,1.0,0.0,0.0,1.0,0.0,0.0,1.0,0.0,0.0,0.0,1.0,0.0,0
1.1970058893137268,1.2145912123375517,0.6973322783946801,0.9900495037128095,-0.28644963317415884,-0.28644963317415884,-1.42488702369803,-0.7217427156047488,0.0,0.0,1.0,0.0,0.0,1.0,1.0,0.0,0.0,0.0,0.0,1.0,0.0,0
-0.21409861434879657,-0.2580462454428914,1.6133032254573552,-1.0100505037878158,-0.08035286296737551,-0.08035286296737551,0.7018100265975371,-0.7217427156047488,1.0,0.0,1.0,0.0,0.0,1.0,0.0,0.0,1.0,0.0,1.0,0.0,0.0,0
0.4671242494882836,1.5014686391778977,-1.8197008281968392,-1.0100505037878158,-0.41189358687751504,-0.41189358687751504,-1.42488702369803,-0.7217427156047488,0.0,1.0,0.0,0.0,0.0,1.0,1.0,0.0,0.0,0.0,1.0,0.0,0.0,0
-0.40873371830224803,1.367592506652403,0.023341053168727366,-1.0100505037878158,-0.20660038352278687,-0.20660038352278687,0.7018100265975371,-0.7217427156047488,1.0,0.0,1.0,0.0,1.0,0.0,1.0,0.0,0.0,0.0,1.0,0.0,0.0,0
0.12651281756974353,1.0042144326546314,-1.5373171528057286,0.9900495037128095,-0.38876636266200604,-0.38876636266200604,0.7018100265975371,-0.7217427156047488,1.0,0.0,1.0,0.0,1.0,0.0,1.0,0.0,0.0,0.0,1.0,0.0,0.0,0
1.1970058893137268,-0.2771714072322478,1.0094639195895714,-1.0100505037878158,-0.270740903761254,-0.270740903761254,-1.42488702369803,1.385535286160941,0.0,0.0,0.0,1.0,1.0,0.0,0.0,0.0,1.0,0.0,0.0,1.0,0.0,0
0.07785404158138066,-0.9656772316490784,0.5610244350848201,0.9900495037128095,-0.2185041155626849,-0.2185041155626849,-1.42488702369803,1.385535286160941,0.0,0.0,0.0,1.0,1.0,0.0,0.0,1.0,0.0,0.0,1.0,0.0,0.0,0
-0.11678106237207082,-0.44929786333645544,1.6177432203534419,-1.0100505037878158,-0.09974893269350478,-0.09974893269350478,-1.42488702369803,1.385535286160941,0.0,0.0,0.0,1.0,1.0,0.0,0.0,0.0,1.0,0.0,1.0,0.0,0.0,0
0.32114792152319505,-0.9656772316490784,0.03710503734659597,-1.0100505037878158,-0.278978515943376,-0.278978515943376,0.7018100265975371,-0.7217427156047488,2.0,1.0,0.0,0.0,0.0,1.0,0.0,1.0,0.0,0.0,1.0,0.0,0.0,0
-0.5547100462673367,0.8129628147610672,-0.39357446757380865,0.9900495037128095,-0.2325608704411036,-0.2325608704411036,0.7018100265975371,-0.7217427156047488,1.0,1.0,0.0,0.0,1.0,0.0,1.0,0.0,0.0,0.0,1.0,0.0,0.0,0
0.7590769054184608,-1.0230527170171475,-0.9645578112105513,0.9900495037128095,-0.36198569195875846,-0.36198569195875846,0.7018100265975371,-0.7217427156047488,2.0,1.0,0.0,0.0,0.0,1.0,0.0,1.0,0.0,0.0,0.0,1.0,0.0,0
-0.8953214781858768,0.6408363586568596,-0.6315581940040529,-1.0100505037878158,-0.20146185663418115,-0.20146185663418115,-1.42488702369803,-0.7217427156047488,0.0,1.0,0.0,0.0,0.0,1.0,0.0,0.0,1.0,1.0,0.0,0.0,0.0,0
-1.3332504620811425,-1.1186785259639296,-0.09032281617109077,-1.0100505037878158,0.19859680203429927,0.19859680203429927,-1.42488702369803,-0.7217427156047488,0.0,1.0,0.0,0.0,0.0,1.0,0.0,1.0,0.0,0.0,0.0,0.0,1.0,1
1.0023707853602752,-0.6405494812300195,-1.81614883227997,-1.0100505037878158,-0.4126686918535918,-0.4126686918535918,0.7018100265975371,-0.7217427156047488,1.0,0.0,1.0,0.0,1.0,0.0,0.0,0.0,1.0,0.0,0.0,1.0,0.0,0
0.41846547349992075,0.2200827992910187,0.5619124340640375,-1.0100505037878158,-0.24930532825007096,-0.24930532825007096,0.7018100265975371,-0.7217427156047488,1.0,0.0,1.0,0.0,1.0,0.0,0.0,0.0,1.0,0.0,1.0,0.0,0.0,0
0.710418129430098,-0.29629656902160423,1.1222397899501722,0.9900495037128095,-0.2352934085886979,-0.2352934085886979,0.7018100265975371,-0.7217427156047488,2.0,0.0,1.0,0.0,0.0,1.0,0.0,0.0,1.0,0.0,0.0,1.0,0.0,0
1.0023707853602752,0.02883118139745465,1.5982072428106606,-1.0100505037878158,-0.22877490631543376,-0.22877490631543376,-1.42488702369803,1.385535286160941,0.0,0.0,0.0,1.0,0.0,1.0,0.0,0.0,1.0,0.0,0.0,1.0,0.0,0
-0.3600749423138852,-0.44929786333645544,-0.9894217826286366,-1.0100505037878158,-0.3210640075998185,-0.3210640075998185,0.7018100265975371,-0.7217427156047488,1.0,0.0,1.0,0.0,1.0,0.0,0.0,0.0,1.0,0.0,1.0,0.0,0.0,0
0.6617593534417351,0.7173370058142852,-0.329638541070161,-1.0100505037878158,-0.32080549586596707,-0.32080549586596707,0.7018100265975371,1.385535286160941,1.0,0.0,0.0,1.0,0.0,1.0,1.0,0.0,0.0,0.0,0.0,1.0,0.0,0
-0.5547100462673367,1.271966697705621,1.0694038506867412,0.9900495037128095,-0.05290931605437201,-0.05290931605437201,0.7018100265975371,1.385535286160941,2.0,0.0,0.0,1.0,1.0,0.0,1.0,0.0,0.0,0.0,1.0,0.0,0.0,0
0.9050532333835495,-0.5640488340725939,-0.10719479677622001,-1.0100505037878158,-0.31712522881859095,-0.31712522881859095,-1.42488702369803,-0.7217427156047488,0.0,0.0,1.0,0.0,0.0,1.0,0.0,0.0,1.0,0.0,0.0,1.0,0.0,0
-0.26275739033715945,-1.4055559528042756,1.4991953566279284,-1.0100505037878158,-0.08079668250751232,-0.08079668250751232,0.7018100265975371,-0.7217427156047488,1.0,0.0,1.0,0.0,1.0,0.0,0.0,1.0,0.0,0.0,1.0,0.0,0.0,0
-1.235932910104417,1.367592506652403,1.3850874877985015,-1.0100505037878158,0.49845664500027365,0.49845664500027365,0.7018100265975371,-0.7217427156047488,1.0,1.0,0.0,0.0,0.0,1.0,1.0,0.0,0.0,0.0,0.0,0.0,1.0,0
0.32114792152319505,-0.8318010991235836,-1.1443776045020604,0.9900495037128095,-0.3633298562798783,-0.3633298562798783,-1.42488702369803,-0.7217427156047488,0.0,1.0,0.0,0.0,1.0,0.0,0.0,1.0,0.0,0.0,1.0,0.0,0.0,0
-0.8953214781858768,1.424967992020472,-0.616906210846967,-1.0100505037878158,-0.1989629098736171,-0.1989629098736171,-1.42488702369803,1.385535286160941,0.0,0.0,0.0,1.0,1.0,0.0,1.0,0.0,0.0,1.0,0.0,0.0,0.0,0
-1.3332504620811425,-1.7115585414339782,-0.5227783190499301,0.9900495037128095,0.05108321750160953,0.05108321750160953,0.7018100265975371,1.385535286160941,2.0,0.0,0.0,1.0,1.0,0.0,0.0,1.0,0.0,0.0,0.0,0.0,1.0,0
-1.4792267900462313,0.9085886237078492,-1.6913849756999353,-1.0100505037878158,-0.31285430162780875,-0.31285430162780875,-1.42488702369803,1.385535286160941,0.0,0.0,0.0,1.0,0.0,1.0,1.0,0.0,0.0,0.0,0.0,0.0,1.0,1
-0.40873371830224803,-0.3536720543896734,0.8181001395682369,0.9900495037128095,-0.11946178544337822,-0.11946178544337822,0.7018100265975371,1.385535286160941,1.0,0.0,0.0,1.0,1.0,0.0,0.0,0.0,1.0,0.0,1.0,0.0,0.0,0
-1.576544342022957,-1.788059188591404,0.40606861321139626,0.9900495037128095,1.3489452941472817,1.3489452941472817,0.7018100265975371,-0.7217427156047488,2.0,1.0,0.0,0.0,0.0,1.0,0.0,1.0,0.0,0.0,0.0,0.0,1.0,0
1.5376173212322668,-1.2908049820681373,1.5542512933394028,-1.0100505037878158,-0.2611915841072707,-0.2611915841072707,-1.42488702369803,1.385535286160941,0.0,0.0,0.0,1.0,1.0,0.0,0.0,1.0,0.0,0.0,0.0,1.0,0.0,0
1.051029561348638,0.5452105497100775,-1.2500494830289226,0.9900495037128095,-0.3827778087901745,-0.3827778087901745,0.7018100265975371,-0.7217427156047488,1.0,0.0,1.0,0.0,0.0,1.0,0.0,0.0,1.0,0.0,0.0,1.0,0.0,0
1.488958545243904,-0.8891765844916528,-1.4276492788723885,0.9900495037128095,-0.39549925188830815,-0.39549925188830815,-1.42488702369803,1.385535286160941,0.0,0.0,0.0,1.0,0.0,1.0,0.0,1.0,0.0,0.0,0.0,1.0,0.0,0
-0.21409861434879657,-0.6405494812300195,-0.5636262720939272,0.9900495037128095,-0.2891994987692877,-0.2891994987692877,0.7018100265975371,1.385535286160941,2.0,0.0,0.0,1.0,0.0,1.0,0.0,0.0,1.0,0.0,1.0,0.0,0.0,0
1.3916409932671783,-1.6159327324871962,-0.5014663435487141,0.9900495037128095,-0.3510969246405245,-0.3510969246405245,0.7018100265975371,-0.7217427156047488,1.0,1.0,0.0,0.0,1.0,0.0,0.0,1.0,0.0,0.0,0.0,1.0,0.0,0
-1.2845916860927797,-0.46842302512581185,1.0494238736543513,-1.0100505037878158,0.4869449679396258,0.4869449679396258,-1.42488702369803,1.385535286160941,0.0,0.0,0.0,1.0,1.0,0.0,0.0,0.0,1.0,0.0,0.0,0.0,1.0,1
1.3916409932671783,1.2337163741269082,0.24045680358736435,-1.0100505037878158,-0.3160557495056782,-0.3160557495056782,0.7018100265975371,1.385535286160941,1.0,0.0,0.0,1.0,1.0,0.0,1.0,0.0,0.0,0.0,0.0,1.0,0.0,0
-1.6252031180113198,0.2965834464484443,1.4827673755124078,0.9900495037128095,3.039369189179742,3.039369189179742,-1.42488702369803,-0.7217427156047488,0.0,1.0,0.0,0.0,1.0,0.0,0.0,0.0,1.0,0.0,0.0,0.0,1.0,1
-0.21409861434879657,0.46870990255265194,-1.577721106360117,-1.0100505037878158,-0.3864880396976107,-0.3864880396976107,0.7018100265975371,1.385535286160941,1.0,0.0,0.0,1.0,1.0,0.0,0.0,0.0,1.0,0.0,1.0,0.0,0.0,0
0.8563944573951866,1.2910918594949774,0.9264360150327511,-1.0100505037878158,-0.25651441102600114,-0.25651441102600114,-1.42488702369803,1.385535286160941,0.0,0.0,0.0,1.0,0.0,1.0,1.0,0.0,0.0,0.0,0.0,1.0,0.0,0
1.0023707853602752,1.4058428302311157,-1.5510811369835973,-1.0100505037878158,-0.3983924122741015,-0.3983924122741015,0.7018100265975371,-0.7217427156047488,1.0,1.0,0.0,0.0,0.0,1.0,1.0,0.0,0.0,0.0,0.0,1.0,0.0,0
-0.11678106237207082,-1.4438062763829884,1.6075312320924426,0.9900495037128095,-0.10067100395809794,-0.10067100395809794,-1.42488702369803,-0.7217427156047488,0.0,0.0,1.0,0.0,0.0,1.0,0.0,1.0,0.0,0.0,1.0,0.0,0.0,0
-1.4792267900462313,0.4495847407632956,0.23823680613932102,-1.0100505037878158,0.6744568457732224,0.6744568457732224,0.7018100265975371,1.385535286160941,1.0,0.0,0.0,1.0,0.0,1.0,0.0,0.0,1.0,0.0,0.0,0.0,1.0,1
-1.4305680140578683,-1.137803687753286,-1.1705735743889716,0.9900495037128095,-0.09930794208869938,-0.09930794208869938,0.7018100265975371,-0.7217427156047488,1.0,0.0,1.0,0.0,0.0,1.0,0.0,1.0,0.0,0.0,0.0,0.0,1.0,0
0.12651281756974353,1.0807150798120568,0.21958882757575712,-1.0100505037878158,-0.2504680083745665,-0.2504680083745665,-1.42488702369803,1.385535286160941,0.0,0.0,0.0,1.0,1.0,0.0,1.0,0.0,0.0,0.0,1.0,0.0,0.0,0
0.36980669751155787,-0.8700514227022964,-1.0373737275063724,0.9900495037128095,-0.357081528799279,-0.357081528799279,0.7018100265975371,-0.7217427156047488,2.0,1.0,0.0,0.0,1.0,0.0,0.0,1.0,0.0,0.0,1.0,0.0,0.0,0
0.5157830254766466,-1.2908049820681373,1.3735435010686763,0.9900495037128095,-0.203422667857654,-0.203422667857654,0.7018100265975371,-0.7217427156047488,1.0,0.0,1.0,0.0,0.0,1.0,0.0,1.0,0.0,0.0,1.0,0.0,0.0,0
1.440299769255541,1.3484673448630466,-1.2136415248810122,-1.0100505037878158,-0.38522049542133285,-0.38522049542133285,-1.42488702369803,1.385535286160941,0.0,0.0,0.0,1.0,0.0,1.0,1.0,0.0,0.0,0.0,0.0,1.0,0.0,0
0.4671242494882836,0.10533182855488027,-1.6034730767574197,0.9900495037128095,-0.3974629101297519,-0.3974629101297519,-1.42488702369803,-0.7217427156047488,0.0,1.0,0.0,0.0,1.0,0.0,0.0,0.0,1.0,0.0,1.0,0.0,0.0,0
0.6131005774533722,1.042464756233344,0.09038497609963572,0.9900495037128095,-0.2925289164732396,-0.2925289164732396,0.7018100265975371,-0.7217427156047488,2.0,1.0,0.0,0.0,0.0,1.0,1.0,0.0,0.0,0.0,0.0,1.0,0.0,0
0.41846547349992075,0.08620666676552387,0.06596500417115916,-1.0100505037878158,-0.28313955287491993,-0.28313955287491993,0.7018100265975371,-0.7217427156047488,2.0,1.0,0.0,0.0,1.0,0.0,0.0,0.0,1.0,0.0,1.0,0.0,0.0,0
-1.527885566034594,0.39220925539522633,-0.2736946053794692,0.9900495037128095,0.5784064193762699,0.5784064193762699,0.7018100265975371,-0.7217427156047488,1.0,0.0,1.0,0.0,0.0,1.0,0.0,0.0,1.0,0.0,0.0,0.0,1.0,1
-0.3114161663255223,0.46870990255265194,-1.1909975509109703,-1.0100505037878158,-0.34488625555867514,-0.34488625555867514,0.7018100265975371,-0.7217427156047488,1.0,1.0,0.0,0.0,0.0,1.0,0.0,0.0,1.0,0.0,1.0,0.0,0.0,0
0.5644418014650093,-1.1569288495426424,1.377983495964763,-1.0100505037878158,-0.2075861693390483,-0.2075861693390483,0.7018100265975371,-0.7217427156047488,2.0,0.0,1.0,0.0,1.0,0.0,0.0,1.0,0.0,0.0,1.0,0.0,0.0,0
-0.9439802541742397,-1.7115585414339782,-1.2780214508742684,-1.0100505037878158,-0.30553118491770664,-0.30553118491770664,0.7018100265975371,-0.7217427156047488,1.0,1.0,0.0,0.0,1.0,0.0,0.0,1.0,0.0,1.0,0.0,0.0,0.0,0
-0.9439802541742397,0.2009576375016623,-1.3637133523687408,0.9900495037128095,-0.3210059461408786,-0.3210059461408786,-1.42488702369803,-0.7217427156047488,0.0,0.0,1.0,0.0,1.0,0.0,0.0,0.0,1.0,1.0,0.0,0.0,0.0,0
-0.1654398383604337,-0.238921083653535,-0.5720622623964918,-1.0100505037878158,-0.29385404526649533,-0.29385404526649533,0.7018100265975371,-0.7217427156047488,2.0,0.0,1.0,0.0,0.0,1.0,0.0,0.0,1.0,0.0,1.0,0.0,0.0,0
-1.2845916860927797,-0.6214243194406631,0.39541262546078826,0.9900495037128095,0.2861659545772163,0.2861659545772163,0.7018100265975371,1.385535286160941,1.0,0.0,0.0,1.0,0.0,1.0,0.0,0.0,1.0,0.0,0.0,0.0,1.0,0
0.029195265593017793,-1.0613030405958603,0.36211266374013845,0.9900495037128095,-0.2296461284111897,-0.2296461284111897,-1.42488702369803,-0.7217427156047488,0.0,0.0,1.0,0.0,1.0,0.0,0.0,1.0,0.0,0.0,1.0,0.0,0.0,0
-0.21409861434879657,0.659961520446216,-0.7731940311892169,0.9900495037128095,-0.3093046613429166,-0.3093046613429166,0.7018100265975371,1.385535286160941,2.0,0.0,0.0,1.0,1.0,0.0,0.0,0.0,1.0,0.0,1.0,0.0,0.0,0
-0.7980039262091511,-1.233429496700068,0.35101267649992185,0.9900495037128095,-0.07218301088766782,-0.07218301088766782,0.7018100265975371,1.385535286160941,1.0,0.0,0.0,1.0,1.0,0.0,0.0,1.0,0.0,1.0,0.0,0.0,0.0,0
-1.0899565821393282,-1.654183056065909,-0.8344659607552126,-1.0100505037878158,-0.1844019473640101,-0.1844019473640101,0.7018100265975371,-0.7217427156047488,2.0,1.0,0.0,0.0,0.0,1.0,0.0,1.0,0.0,1.0,0.0,0.0,0.0,0
1.0023707853602752,0.2392079610803751,-1.2225215146731854,-1.0100505037878158,-0.3806965213380498,-0.3806965213380498,-1.42488702369803,-0.7217427156047488,0.0,1.0,0.0,0.0,0.0,1.0,0.0,0.0,1.0,0.0,0.0,1.0,0.0,0
0.1751715935581064,0.3157086082378007,0.596988393743122,0.9900495037128095,-0.22566377738194685,-0.22566377738194685,0.7018100265975371,1.385535286160941,1.0,0.0,0.0,1.0,0.0,1.0,0.0,0.0,1.0,0.0,1.0,0.0,0.0,0
-0.3600749423138852,-1.788059188591404,0.16009289596819606,0.9900495037128095,-0.19937548415592546,-0.19937548415592546,0.7018100265975371,-0.7217427156047488,1.0,1.0,0.0,0.0,0.0,1.0,0.0,1.0,0.0,0.0,1.0,0.0,0.0,0
-0.1654398383604337,1.5779692863353234,-0.9592298173352474,-1.0100505037878158,-0.32987192254272424,-0.32987192254272424,0.7018100265975371,-0.7217427156047488,1.0,1.0,0.0,0.0,0.0,1.0,1.0,0.0,0.0,0.0,1.0,0.0,0.0,0
-0.01946351039534508,1.5014686391778977,-0.34828651963372487,-1.0100505037878158,-0.2850251217942546,-0.2850251217942546,0.7018100265975371,1.385535286160941,1.0,0.0,0.0,1.0,1.0,0.0,1.0,0.0,0.0,0.0,1.0,0.0,0.0,0
-0.26275739033715945,1.2910918594949774,0.1973888530953239,0.9900495037128095,-0.20971595350998357,-0.20971595350998357,0.7018100265975371,-0.7217427156047488,2.0,1.0,0.0,0.0,1.0,0.0,1.0,0.0,0.0,0.0,1.0,0.0,0.0,0
0.2238303695464693,-0.7170501283874451,-0.03571087894922502,0.9900495037128095,-0.2777028199226684,-0.2777028199226684,0.7018100265975371,-0.7217427156047488,2.0,1.0,0.0,0.0,1.0,0.0,0.0,0.0,1.0,0.0,1.0,0.0,0.0,0
-0.7493451502207882,1.271966697705621,-0.5356543042485813,-1.0100505037878158,-0.218218863266708,-0.218218863266708,0.7018100265975371,-0.7217427156047488,1.0,1.0,0.0,0.0,1.0,0.0,1.0,0.0,0.0,1.0,0.0,0.0,0.0,0
1.5376173212322668,-0.8891765844916528,-0.9428018362197268,0.9900495037128095,-0.373924818717529,-0.373924818717529,0.7018100265975371,-0.7217427156047488,2.0,0.0,1.0,0.0,0.0,1.0,0.0,1.0,0.0,0.0,0.0,1.0,0.0,0
1.488958545243904,-0.946552069859722,0.5730124213042541,-1.0100505037878158,-0.30382825511950273,-0.30382825511950273,0.7018100265975371,-0.7217427156047488,1.0,0.0,1.0,0.0,0.0,1.0,0.0,1.0,0.0,0.0,0.0,1.0,0.0,0
-0.6033688222556995,1.367592506652403,-1.2065375330472734,0.9900495037128095,-0.32887027859324197,-0.32887027859324197,0.7018100265975371,1.385535286160941,2.0,0.0,0.0,1.0,1.0,0.0,1.0,0.0,0.0,1.0,0.0,0.0,0.0,0
0.5157830254766466,1.4058428302311157,0.033553041429726656,0.9900495037128095,-0.2909486406628643,-0.2909486406628643,0.7018100265975371,-0.7217427156047488,1.0,1.0,0.0,0.0,0.0,1.0,1.0,0.0,0.0,0.0,1.0,0.0,0.0,0
-1.7225206699880455,1.424967992020472,1.286519601105378,-1.0100505037878158,9.34943693658219,9.34943693658219,-1.42488702369803,-0.7217427156047488,0.0,1.0,0.0,0.0,1.0,0.0,1.0,0.0,0.0,0.0,0.0,0.0,1.0,1
-0.5547100462673367,-0.44929786333645544,-1.1625815835760158,0.9900495037128095,-0.3269937967530366,-0.3269937967530366,-1.42488702369803,-0.7217427156047488,0.0,0.0,1.0,0.0,1.0,0.0,0.0,0.0,1.0,0.0,1.0,0.0,0.0,0
1.6349348732089926,1.042464756233344,-0.8402379541201253,-1.0100505037878158,-0.37065461566111474,-0.37065461566111474,0.7018100265975371,-0.7217427156047488,1.0,1.0,0.0,0.0,0.0,1.0,1.0,0.0,0.0,0.0,0.0,1.0,0.0,0
0.27248914553483217,0.8129628147610672,-0.8726499168615578,-1.0100505037878158,-0.3421925856739113,-0.3421925856739113,0.7018100265975371,1.385535286160941,2.0,0.0,0.0,1.0,1.0,0.0,1.0,0.0,0.0,0.0,1.0,0.0,0.0,0
0.27248914553483217,0.2392079610803751,0.5614684345744289,-1.0100505037878158,-0.23736663714635456,-0.23736663714635456,-1.42488702369803,-0.7217427156047488,0.0,0.0,1.0,0.0,1.0,0.0,0.0,0.0,1.0,0.0,1.0,0.0,0.0,0
-1.576544342022957,-0.1624204364961094,-0.7696420352723475,-1.0100505037878158,0.4465983366054281,0.4465983366054281,-1.42488702369803,1.385535286160941,0.0,0.0,0.0,1.0,0.0,1.0,0.0,0.0,1.0,0.0,0.0,0.0,1.0,1
-1.6252031180113198,-0.659674643019376,-1.3179814049390484,0.9900495037128095,0.1733044317910147,0.1733044317910147,0.7018100265975371,-0.7217427156047488,1.0,0.0,1.0,0.0,1.0,0.0,0.0,0.0,1.0,0.0,0.0,0.0,1.0,0
0.9537120093719124,0.6408363586568596,-1.7824048710697116,-1.0100505037878158,-0.4107432388557477,-0.4107432388557477,-1.42488702369803,-0.7217427156047488,0.0,0.0,1.0,0.0,0.0,1.0,0.0,0.0,1.0,0.0,0.0,1.0,0.0,0
-1.4792267900462313,-0.9656772316490784,-0.9374738423444228,0.9900495037128095,0.07289220741198665,0.07289220741198665,-1.42488702369803,-0.7217427156047488,0.0,0.0,1.0,0.0,0.0,1.0,0.0,1.0,0.0,0.0,0.0,0.0,1.0,1
-0.7006863742324253,-0.9274269080703655,-1.0302697356726336,0.9900495037128095,-0.2962703822167928,-0.2962703822167928,-1.42488702369803,-0.7217427156047488,0.0,1.0,0.0,0.0,0.0,1.0,0.0,1.0,0.0,1.0,0.0,0.0,0.0,0
1.1970058893137268,0.04795634318681105,0.9033480415731006,-1.0100505037878158,-0.2760814248561107,-0.2760814248561107,0.7018100265975371,1.385535286160941,1.0,0.0,0.0,1.0,0.0,1.0,0.0,0.0,1.0,0.0,0.0,1.0,0.0,0
1.0023707853602752,0.39220925539522633,-0.8997338857276863,0.9900495037128095,-0.3633115041616856,-0.3633115041616856,-1.42488702369803,1.385535286160941,0.0,0.0,0.0,1.0,0.0,1.0,0.0,0.0,1.0,0.0,0.0,1.0,0.0,0
-1.527885566034594,-1.424681114593632,-0.39845846195950396,-1.0100505037878158,0.5018023423160701,0.5018023423160701,-1.42488702369803,-0.7217427156047488,0.0,0.0,1.0,0.0,0.0,1.0,0.0,1.0,0.0,0.0,0.0,0.0,1.0,1
1.099688337337001,-0.3536720543896734,1.3162675669091586,0.9900495037128095,-0.2498223163112703,-0.2498223163112703,0.7018100265975371,-0.7217427156047488,2.0,0.0,1.0,0.0,0.0,1.0,0.0,0.0,1.0,0.0,0.0,1.0,0.0,0
1.2456646653020895,0.8703383001291365,-1.6967129695752392,-1.0100505037878158,-0.4070961061464411,-0.4070961061464411,0.7018100265975371,-0.7217427156047488,1.0,1.0,0.0,0.0,1.0,0.0,1.0,0.0,0.0,0.0,0.0,1.0,0.0,0
0.8077356814068237,-1.654183056065909,0.07173699753607181,-1.0100505037878158,-0.3029956780441084,-0.3029956780441084,0.7018100265975371,1.385535286160941,2.0,0.0,0.0,1.0,1.0,0.0,0.0,1.0,0.0,0.0,0.0,1.0,0.0,0
-1.4792267900462313,1.6162196099140362,0.9588479777741836,0.9900495037128095,1.0431650814455358,1.0431650814455358,-1.42488702369803,-0.7217427156047488,0.0,0.0,1.0,0.0,1.0,0.0,1.0,0.0,0.0,0.0,0.0,0.0,1.0,1
0.41846547349992075,1.6353447717033927,1.4636753974592354,-1.0100505037878158,-0.18778580254454877,-0.18778580254454877,-1.42488702369803,-0.7217427156047488,0.0,0.0,1.0,0.0,0.0,1.0,1.0,0.0,0.0,0.0,1.0,0.0,0.0,0
1.5862760972206298,0.02883118139745465,0.20538084390827985,0.9900495037128095,-0.323462478785302,-0.323462478785302,0.7018100265975371,-0.7217427156047488,1.0,0.0,1.0,0.0,0.0,1.0,0.0,0.0,1.0,0.0,0.0,1.0,0.0,0
-0.7980039262091511,-1.4629314381723448,0.16142489443702204,-1.0100505037878158,-0.10128438179932729,-0.10128438179932729,-1.42488702369803,1.385535286160941,0.0,0.0,0.0,1.0,1.0,0.0,0.0,1.0,0.0,1.0,0.0,0.0,0.0,0
-0.5547100462673367,1.3484673448630466,1.5071873474408843,0.9900495037128095,0.000849844074707602,0.000849844074707602,-1.42488702369803,-0.7217427156047488,0.0,0.0,1.0,0.0,1.0,0.0,1.0,0.0,0.0,0.0,1.0,0.0,0.0,0
0.41846547349992075,-0.1815455982854658,-0.7665340388450869,0.9900495037128095,-0.3399337974331937,-0.3399337974331937,-1.42488702369803,1.385535286160941,0.0,0.0,0.0,1.0,1.0,0.0,0.0,0.0,1.0,0.0,1.0,0.0,0.0,0
-1.6252031180113198,-0.7361752901768015,-0.5414262976134939,-1.0100505037878158,0.9679695016503812,0.9679695016503812,0.7018100265975371,1.385535286160941,1.0,0.0,0.0,1.0,1.0,0.0,0.0,1.0,0.0,0.0,0.0,0.0,1.0,0
-1.527885566034594,-1.3290553056468501,1.5862192565912268,-1.0100505037878158,1.720379653558392,1.720379653558392,0.7018100265975371,-0.7217427156047488,1.0,0.0,1.0,0.0,1.0,0.0,0.0,1.0,0.0,0.0,0.0,0.0,1.0,0
0.5644418014650093,-1.2908049820681373,0.7941241671293691,-1.0100505037878158,-0.24492838513611329,-0.24492838513611329,-1.42488702369803,-0.7217427156047488,0.0,1.0,0.0,0.0,1.0,0.0,0.0,1.0,0.0,0.0,1.0,0.0,0.0,0
0.5644418014650093,0.6790866822355724,1.519619333149927,0.9900495037128095,-0.19852748733200362,-0.19852748733200362,-1.42488702369803,-0.7217427156047488,0.0,1.0,0.0,0.0,0.0,1.0,0.0,0.0,1.0,0.0,1.0,0.0,0.0,0
-0.6520275982440624,0.39220925539522633,0.06463300570233317,0.9900495037128095,-0.15537126941265797,-0.15537126941265797,0.7018100265975371,1.385535286160941,1.0,0.0,0.0,1.0,1.0,0.0,0.0,0.0,1.0,1.0,0.0,0.0,0.0,0
0.5644418014650093,-0.3536720543896734,-1.3761453380777833,-1.0100505037878158,-0.38373351883653445,-0.38373351883653445,0.7018100265975371,-0.7217427156047488,1.0,1.0,0.0,0.0,0.0,1.0,0.0,0.0,1.0,0.0,1.0,0.0,0.0,0
1.3429822172788153,0.33483377002715714,-0.5063503379344094,-1.0100505037878158,-0.3503030066334205,-0.3503030066334205,0.7018100265975371,1.385535286160941,2.0,0.0,0.0,1.0,1.0,0.0,0.0,0.0,1.0,0.0,0.0,1.0,0.0,0
-1.6738618939996828,0.8512131383397801,-0.35849850789472415,-1.0100505037878158,1.9411956764009604,1.9411956764009604,0.7018100265975371,1.385535286160941,2.0,0.0,0.0,1.0,1.0,0.0,1.0,0.0,0.0,0.0,0.0,0.0,1.0,0
0.5644418014650093,-0.5066733487045246,0.8567280951641908,0.9900495037128095,-0.24092439089475504,-0.24092439089475504,0.7018100265975371,-0.7217427156047488,1.0,0.0,1.0,0.0,0.0,1.0,0.0,0.0,1.0,0.0,1.0,0.0,0.0,0
0.5644418014650093,0.7173370058142852,-1.6594170124481114,-1.0100505037878158,-0.4018508828506237,-0.4018508828506237,0.7018100265975371,-0.7217427156047488,2.0,0.0,1.0,0.0,0.0,1.0,1.0,0.0,0.0,0.0,1.0,0.0,0.0,0
0.710418129430098,-0.5831739958619503,1.3948554765698922,-1.0100505037878158,-0.218883212749272,-0.218883212749272,0.7018100265975371,-0.7217427156047488,2.0,1.0,0.0,0.0,0.0,1.0,0.0,0.0,1.0,0.0,0.0,1.0,0.0,0
1.099688337337001,1.3293421830736902,0.14988090770719678,-1.0100505037878158,-0.3105132236148304,-0.3105132236148304,0.7018100265975371,1.385535286160941,1.0,0.0,0.0,1.0,0.0,1.0,1.0,0.0,0.0,0.0,0.0,1.0,0.0,0
-0.06812228638370794,-0.00941914218125816,1.104035810876217,0.9900495037128095,-0.15386936148948216,-0.15386936148948216,-1.42488702369803,-0.7217427156047488,0.0,1.0,0.0,0.0,1.0,0.0,0.0,0.0,1.0,0.0,1.0,0.0,0.0,0
-0.8953214781858768,-1.1569288495426424,0.8847000630095366,-1.0100505037878158,0.05714127025449209,0.05714127025449209,-1.42488702369803,-0.7217427156047488,0.0,1.0,0.0,0.0,0.0,1.0,0.0,1.0,0.0,1.0,0.0,0.0,0.0,0
0.12651281756974353,0.6217111968675032,-0.16935472532143306,0.9900495037128095,-0.281084474979519,-0.281084474979519,0.7018100265975371,-0.7217427156047488,1.0,1.0,0.0,0.0,0.0,1.0,0.0,0.0,1.0,0.0,1.0,0.0,0.0,0
-1.0899565821393282,0.8512131383397801,-1.131945618793018,0.9900495037128095,-0.2496341939709417,-0.2496341939709417,0.7018100265975371,-0.7217427156047488,1.0,1.0,0.0,0.0,1.0,0.0,1.0,0.0,0.0,1.0,0.0,0.0,0.0,0
-1.527885566034594,1.1189654033907697,-0.9774337964092026,0.9900495037128095,0.146315806776923,0.146315806776923,0.7018100265975371,-0.7217427156047488,1.0,1.0,0.0,0.0,1.0,0.0,1.0,0.0,0.0,0.0,0.0,0.0,1.0,0
-1.527885566034594,-0.39192237796838625,-0.24305864059647136,-1.0100505037878158,0.5972166731739701,0.5972166731739701,-1.42488702369803,-0.7217427156047488,0.0,0.0,1.0,0.0,0.0,1.0,0.0,0.0,1.0,0.0,0.0,0.0,1.0,1
0.7590769054184608,-1.271679820278781,1.3331395475142878,-1.0100505037878158,-0.22633482322534304,-0.22633482322534304,0.7018100265975371,1.385535286160941,2.0,0.0,0.0,1.0,0.0,1.0,0.0,1.0,0.0,0.0,0.0,1.0,0.0,0
0.8563944573951866,-1.003927555227791,-1.1337216167514526,0.9900495037128095,-0.3736367642483968,-0.3736367642483968,-1.42488702369803,-0.7217427156047488,0.0,1.0,0.0,0.0,1.0,0.0,0.0,1.0,0.0,0.0,0.0,1.0,0.0,0
-0.11678106237207082,1.4823434773885413,-0.02105889579213909,-1.0100505037878158,-0.2477213256332143,-0.2477213256332143,0.7018100265975371,-0.7217427156047488,1.0,1.0,0.0,0.0,0.0,1.0,1.0,0.0,0.0,0.0,1.0,0.0,0.0,0
-1.6252031180113198,1.2337163741269082,-1.262925468227574,0.9900495037128095,0.22964432239282226,0.22964432239282226,-1.42488702369803,-0.7217427156047488,0.0,0.0,1.0,0.0,0.0,1.0,1.0,0.0,0.0,0.0,0.0,0.0,1.0,1
-0.01946351039534508,1.0615899180227004,1.2585476332600323,0.9900495037128095,-0.14799954108999275,-0.14799954108999275,0.7018100265975371,1.385535286160941,1.0,0.0,0.0,1.0,1.0,0.0,1.0,0.0,0.0,0.0,1.0,0.0,0.0,0
-1.2845916860927797,-1.7689340268020475,0.31105272243514204,0.9900495037128095,0.2602677790586435,0.2602677790586435,0.7018100265975371,1.385535286160941,1.0,0.0,0.0,1.0,1.0,0.0,0.0,1.0,0.0,0.0,0.0,0.0,1.0,0
1.6349348732089926,0.8129628147610672,-1.0018537683376791,-1.0100505037878158,-0.3777425373819873,-0.3777425373819873,0.7018100265975371,-0.7217427156047488,2.0,0.0,1.0,0.0,0.0,1.0,1.0,0.0,0.0,0.0,0.0,1.0,0.0,0
1.2456646653020895,0.04795634318681105,-0.961005815293682,0.9900495037128095,-0.3706671784433212,-0.3706671784433212,0.7018100265975371,1.385535286160941,1.0,0.0,0.0,1.0,1.0,0.0,0.0,0.0,1.0,0.0,0.0,1.0,0.0,0
-1.0899565821393282,0.9277137854972056,-1.7504369078178876,-1.0100505037878158,-0.38525884997609944,-0.38525884997609944,0.7018100265975371,-0.7217427156047488,2.0,0.0,1.0,0.0,0.0,1.0,1.0,0.0,0.0,1.0,0.0,0.0,0.0,0
1.488958545243904,-1.7689340268020475,0.7026602722699842,-1.0100505037878158,-0.2978877466737657,-0.2978877466737657,0.7018100265975371,1.385535286160941,2.0,0.0,0.0,1.0,0.0,1.0,0.0,1.0,0.0,0.0,0.0,1.0,0.0,0
-1.3819092380695055,0.7364621676036416,-1.67318099662598,-1.0100505037878158,-0.33188037355483047,-0.33188037355483047,-1.42488702369803,1.385535286160941,0.0,0.0,0.0,1.0,1.0,0.0,1.0,0.0,0.0,0.0,0.0,0.0,1.0,1
-0.3600749423138852,0.7173370058142852,-1.3046614202507885,0.9900495037128095,-0.3544355223333697,-0.3544355223333697,-1.42488702369803,-0.7217427156047488,0.0,1.0,0.0,0.0,0.0,1.0,1.0,0.0,0.0,0.0,1.0,0.0,0.0,0
-0.3114161663255223,-0.2580462454428914,-0.5192263231330607,-1.0100505037878158,-0.2761425019453406,-0.2761425019453406,-1.42488702369803,1.385535286160941,0.0,0.0,0.0,1.0,1.0,0.0,0.0,0.0,1.0,0.0,1.0,0.0,0.0,0
1.5376173212322668,-0.39192237796838625,-0.5294383113940601,-1.0100505037878158,-0.35526289812326334,-0.35526289812326334,-1.42488702369803,-0.7217427156047488,0.0,0.0,1.0,0.0,0.0,1.0,0.0,0.0,1.0,0.0,0.0,1.0,0.0,0
0.4671242494882836,-0.7170501283874451,0.7093202646141141,0.9900495037128095,-0.24311096931024856,-0.24311096931024856,0.7018100265975371,1.385535286160941,1.0,0.0,0.0,1.0,1.0,0.0,0.0,0.0,1.0,0.0,1.0,0.0,0.0,0
1.1483471133253638,-1.271679820278781,0.9348720053353158,0.9900495037128095,-0.27212146943061477,-0.27212146943061477,-1.42488702369803,-0.7217427156047488,0.0,0.0,1.0,0.0,1.0,0.0,0.0,1.0,0.0,0.0,0.0,1.0,0.0,0
1.1970058893137268,-1.6733082178552654,-0.35361451350902884,-1.0100505037878158,-0.33934090276213286,-0.33934090276213286,0.7018100265975371,-0.7217427156047488,1.0,0.0,1.0,0.0,1.0,0.0,0.0,1.0,0.0,0.0,0.0,1.0,0.0,0
0.7590769054184608,-0.8318010991235836,0.6733563059558123,-1.0100505037878158,-0.265286937416233,-0.265286937416233,0.7018100265975371,1.385535286160941,2.0,0.0,0.0,1.0,1.0,0.0,0.0,1.0,0.0,0.0,0.0,1.0,0.0,0
-0.3600749423138852,-0.5449236722832375,0.7537202135749806,-1.0100505037878158,-0.13653363176330863,-0.13653363176330863,0.7018100265975371,-0.7217427156047488,2.0,0.0,1.0,0.0,1.0,0.0,0.0,0.0,1.0,0.0,1.0,0.0,0.0,0
1.099688337337001,0.2392079610803751,0.8966880492289706,0.9900495037128095,-0.2716544089651966,-0.2716544089651966,0.7018100265975371,-0.7217427156047488,1.0,0.0,1.0,0.0,1.0,0.0,0.0,0.0,1.0,0.0,0.0,1.0,0.0,0
1.051029561348638,0.6982118440249289,0.454020558089132,0.9900495037128095,-0.2925807147427312,-0.2925807147427312,0.7018100265975371,-0.7217427156047488,1.0,0.0,1.0,0.0,1.0,0.0,0.0,0.0,1.0,0.0,0.0,1.0,0.0,0
-1.3819092380695055,1.042464756233344,1.4832113750020164,-1.0100505037878158,0.879370480139474,0.879370480139474,0.7018100265975371,-0.7217427156047488,2.0,0.0,1.0,0.0,1.0,0.0,1.0,0.0,0.0,0.0,0.0,0.0,1.0,0
-1.1386153581276912,1.463218315599185,1.0214519058090052,0.9900495037128095,0.2717594391268037,0.2717594391268037,-1.42488702369803,1.385535286160941,0.0,0.0,0.0,1.0,0.0,1.0,1.0,0.0,0.0,1.0,0.0,0.0,0.0,0
0.6617593534417351,1.463218315599185,1.1111398027099555,0.9900495037128095,-0.23234278054199983,-0.23234278054199983,-1.42488702369803,-0.7217427156047488,0.0,0.0,1.0,0.0,1.0,0.0,1.0,0.0,0.0,0.0,0.0,1.0,0.0,0
1.099688337337001,0.9850892708652749,1.549811298443316,0.9900495037128095,-0.23767027320442885,-0.23767027320442885,0.7018100265975371,1.385535286160941,1.0,0.0,0.0,1.0,0.0,1.0,1.0,0.0,0.0,0.0,0.0,1.0,0.0,0
-1.0412978061509655,-0.00941914218125816,1.0076879216311367,0.9900495037128095,0.1771210050253307,0.1771210050253307,0.7018100265975371,1.385535286160941,2.0,0.0,0.0,1.0,1.0,0.0,0.0,0.0,1.0,1.0,0.0,0.0,0.0,0
1.3429822172788153,-1.0804282023852168,0.43226458309830745,-1.0100505037878158,-0.305279369259849,-0.305279369259849,0.7018100265975371,1.385535286160941,1.0,0.0,0.0,1.0,1.0,0.0,0.0,1.0,0.0,0.0,0.0,1.0,0.0,0
-0.8466627021975139,1.5014686391778977,-0.603586226158707,0.9900495037128095,-0.20828115154219562,-0.20828115154219562,0.7018100265975371,-0.7217427156047488,1.0,0.0,1.0,0.0,1.0,0.0,1.0,0.0,0.0,1.0,0.0,0.0,0.0,0
-0.01946351039534508,-0.8891765844916528,0.13256492761245886,0.9900495037128095,-0.24401967722318096,-0.24401967722318096,-1.42488702369803,1.385535286160941,0.0,0.0,0.0,1.0,1.0,0.0,0.0,1.0,0.0,0.0,1.0,0.0,0.0,0
1.5376173212322668,-1.7115585414339782,-0.42243443439837186,-1.0100505037878158,-0.35043204649789483,-0.35043204649789483,0.7018100265975371,-0.7217427156047488,1.0,1.0,0.0,0.0,1.0,0.0,0.0,1.0,0.0,0.0,0.0,1.0,0.0,0
-1.2845916860927797,-1.520306923540414,0.5867764054821227,-1.0100505037878158,0.34491392114829467,0.34491392114829467,-1.42488702369803,-0.7217427156047488,0.0,0.0,1.0,0.0,1.0,0.0,0.0,1.0,0.0,0.0,0.0,0.0,1.0,1
-1.7225206699880455,-1.5968075706978397,0.8767080721965806,-1.0100505037878158,8.09133083112731,8.09133083112731,0.7018100265975371,-0.7217427156047488,2.0,1.0,0.0,0.0,1.0,0.0,0.0,1.0,0.0,0.0,0.0,0.0,1.0,0
-0.26275739033715945,0.8894634619184929,0.4176125999412215,0.9900495037128095,-0.18790696359960646,-0.18790696359960646,0.7018100265975371,1.385535286160941,1.0,0.0,0.0,1.0,0.0,1.0,1.0,0.0,0.0,0.0,1.0,0.0,0.0,0
-1.7225206699880455,1.3867176684417595,-1.6185690594041142,0.9900495037128095,0.4309231251073445,0.4309231251073445,0.7018100265975371,1.385535286160941,2.0,0.0,0.0,1.0,0.0,1.0,1.0,0.0,0.0,0.0,0.0,0.0,1.0,1
0.8077356814068237,-0.21979592186417862,1.4357034296138893,0.9900495037128095,-0.22398952591594973,-0.22398952591594973,-1.42488702369803,-0.7217427156047488,0.0,0.0,1.0,0.0,1.0,0.0,0.0,0.0,1.0,0.0,0.0,1.0,0.0,0
-0.40873371830224803,1.4058428302311157,-0.4708303787657163,-1.0100505037878158,-0.26078209283138004,-0.26078209283138004,0.7018100265975371,1.385535286160941,1.0,0.0,0.0,1.0,0.0,1.0,1.0,0.0,0.0,0.0,1.0,0.0,0.0,0
0.6131005774533722,-0.6405494812300195,-0.325642545663683,0.9900495037128095,-0.3185939975268408,-0.3185939975268408,-1.42488702369803,-0.7217427156047488,0.0,0.0,1.0,0.0,1.0,0.0,0.0,0.0,1.0,0.0,0.0,1.0,0.0,0
0.1751715935581064,0.8512131383397801,-0.07744683097243948,-1.0100505037878158,-0.2774260518723576,-0.2774260518723576,0.7018100265975371,1.385535286160941,1.0,0.0,0.0,1.0,0.0,1.0,1.0,0.0,0.0,0.0,1.0,0.0,0.0,0
0.9537120093719124,0.564335711499434,1.004579925203876,0.9900495037128095,-0.257958607530483,-0.257958607530483,0.7018100265975371,-0.7217427156047488,1.0,1.0,0.0,0.0,0.0,1.0,0.0,0.0,1.0,0.0,0.0,1.0,0.0,0
-1.2845916860927797,1.042464756233344,0.6214083656715985,0.9900495037128095,0.35554580372960365,0.35554580372960365,0.7018100265975371,1.385535286160941,1.0,0.0,0.0,1.0,0.0,1.0,1.0,0.0,0.0,0.0,0.0,0.0,1.0,1
1.2943234412904525,0.2200827992910187,0.8598360915914515,-1.0100505037878158,-0.2826722173768404,-0.2826722173768404,-1.42488702369803,-0.7217427156047488,0.0,1.0,0.0,0.0,1.0,0.0,0.0,0.0,1.0,0.0,0.0,1.0,0.0,0
0.07785404158138066,-1.042177878806504,-0.13205876819430523,-1.0100505037878158,-0.2744972623556104,-0.2744972623556104,0.7018100265975371,-0.7217427156047488,1.0,0.0,1.0,0.0,1.0,0.0,0.0,1.0,0.0,0.0,1.0,0.0,0.0,0
0.4671242494882836,-1.4629314381723448,0.6072003820041213,-1.0100505037878158,-0.2499262786572414,-0.2499262786572414,0.7018100265975371,1.385535286160941,2.0,0.0,0.0,1.0,1.0,0.0,0.0,1.0,0.0,0.0,1.0,0.0,0.0,0
-0.6520275982440624,-1.7306837032233346,-0.11341078963074132,0.9900495037128095,-0.17913595678782435,-0.17913595678782435,0.7018100265975371,1.385535286160941,1.0,0.0,0.0,1.0,0.0,1.0,0.0,1.0,0.0,1.0,0.0,0.0,0.0,0
0.8077356814068237,0.6217111968675032,1.106699807813869,0.9900495037128095,-0.2430466739390505,-0.2430466739390505,0.7018100265975371,-0.7217427156047488,1.0,1.0,0.0,0.0,0.0,1.0,0.0,0.0,1.0,0.0,0.0,1.0,0.0,0
-1.4792267900462313,0.02883118139745465,0.11835694394498159,0.9900495037128095,0.6131190616502867,0.6131190616502867,-1.42488702369803,-0.7217427156047488,0.0,1.0,0.0,0.0,0.0,1.0,0.0,0.0,1.0,0.0,0.0,0.0,1.0,1
-1.6738618939996828,1.5397189627566106,0.5015285034772591,-1.0100505037878158,3.261321096913476,3.261321096913476,-1.42488702369803,1.385535286160941,0.0,0.0,0.0,1.0,0.0,1.0,1.0,0.0,0.0,0.0,0.0,0.0,1.0,1
0.7590769054184608,-1.1186785259639296,-0.7279060832491331,0.9900495037128095,-0.34801430779742315,-0.34801430779742315,-1.42488702369803,-0.7217427156047488,0.0,0.0,1.0,0.0,1.0,0.0,0.0,1.0,0.0,0.0,0.0,1.0,0.0,0
0.41846547349992075,1.4058428302311157,-1.0307137351622424,-1.0100505037878158,-0.3579565043730192,-0.3579565043730192,0.7018100265975371,1.385535286160941,1.0,0.0,0.0,1.0,0.0,1.0,1.0,0.0,0.0,0.0,1.0,0.0,0.0,0
-1.1386153581276912,-0.143295274706753,0.7688161962216752,0.9900495037128095,0.21209926961235862,0.21209926961235862,0.7018100265975371,-0.7217427156047488,2.0,0.0,1.0,0.0,1.0,0.0,0.0,0.0,1.0,1.0,0.0,0.0,0.0,0
-0.8466627021975139,-0.6022991576513067,1.4721113877618,-1.0100505037878158,0.12710380842824212,0.12710380842824212,-1.42488702369803,-0.7217427156047488,0.0,0.0,1.0,0.0,0.0,1.0,0.0,0.0,1.0,1.0,0.0,0.0,0.0,0
0.36980669751155787,-1.7115585414339782,0.7705921941801098,0.9900495037128095,-0.23093634852221132,-0.23093634852221132,0.7018100265975371,-0.7217427156047488,2.0,0.0,1.0,0.0,0.0,1.0,0.0,1.0,0.0,0.0,1.0,0.0,0.0,0
-1.0899565821393282,0.33483377002715714,-1.4938052028240796,0.9900495037128095,-0.3289838670823585,-0.3289838670823585,0.7018100265975371,1.385535286160941,2.0,0.0,0.0,1.0,0.0,1.0,0.0,0.0,1.0,1.0,0.0,0.0,0.0,0
-0.3600749423138852,0.06708150497616745,-0.4797103685578896,0.9900495037128095,-0.26710555842500616,-0.26710555842500616,0.7018100265975371,1.385535286160941,2.0,0.0,0.0,1.0,0.0,1.0,0.0,0.0,1.0,0.0,1.0,0.0,0.0,0
-0.21409861434879657,-1.042177878806504,0.23956880460814703,0.9900495037128095,-0.2121439074648498,-0.2121439074648498,-1.42488702369803,-0.7217427156047488,0.0,0.0,1.0,0.0,1.0,0.0,0.0,1.0,0.0,0.0,1.0,0.0,0.0,0
-1.235932910104417,0.8894634619184929,0.1769648765733253,-1.0100505037878158,0.1612847043972273,0.1612847043972273,0.7018100265975371,-0.7217427156047488,2.0,0.0,1.0,0.0,1.0,0.0,1.0,0.0,0.0,0.0,0.0,0.0,1.0,1
1.5862760972206298,-1.0613030405958603,-0.5161183267058,-1.0100505037878158,-0.3555635735356306,-0.3555635735356306,0.7018100265975371,1.385535286160941,1.0,0.0,0.0,1.0,0.0,1.0,0.0,1.0,0.0,0.0,0.0,1.0,0.0,0
-0.21409861434879657,1.6353447717033927,0.6755763034038557,-1.0100505037878158,-0.17031494634768116,-0.17031494634768116,-1.42488702369803,1.385535286160941,0.0,0.0,0.0,1.0,0.0,1.0,1.0,0.0,0.0,0.0,1.0,0.0,0.0,0
-1.1386153581276912,1.4440931538098285,0.9033480415731006,-1.0100505037878158,0.2438690962606484,0.2438690962606484,0.7018100265975371,-0.7217427156047488,2.0,1.0,0.0,0.0,1.0,0.0,1.0,0.0,0.0,1.0,0.0,0.0,0.0,0
-0.4573924942906109,0.6408363586568596,1.2589916327496409,0.9900495037128095,-0.05831511846086088,-0.05831511846086088,0.7018100265975371,-0.7217427156047488,2.0,0.0,1.0,0.0,0.0,1.0,0.0,0.0,1.0,0.0,1.0,0.0,0.0,0
0.6617593534417351,-0.7553004519661579,1.4792153795955385,0.9900495037128095,-0.20974321474737156,-0.20974321474737156,-1.42488702369803,-0.7217427156047488,0.0,0.0,1.0,0.0,1.0,0.0,0.0,1.0,0.0,0.0,0.0,1.0,0.0,0
1.440299769255541,-0.8891765844916528,1.1129158006683901,0.9900495037128095,-0.277001643972113,-0.277001643972113,-1.42488702369803,-0.7217427156047488,0.0,1.0,0.0,0.0,1.0,0.0,0.0,1.0,0.0,0.0,0.0,1.0,0.0,0
1.0023707853602752,0.9850892708652749,0.5139604891863018,-1.0100505037878158,-0.2871713464044041,-0.2871713464044041,-1.42488702369803,-0.7217427156047488,0.0,0.0,1.0,0.0,1.0,0.0,1.0,0.0,0.0,0.0,0.0,1.0,0.0,0
-1.3332504620811425,-0.7935507755448707,-0.8215899755565613,0.9900495037128095,-0.050843520065639115,-0.050843520065639115,-1.42488702369803,1.385535286160941,0.0,0.0,0.0,1.0,0.0,1.0,0.0,1.0,0.0,0.0,0.0,0.0,1.0,1
1.440299769255541,0.8129628147610672,-1.5941490874756377,-1.0100505037878158,-0.40291964727094765,-0.40291964727094765,-1.42488702369803,-0.7217427156047488,0.0,0.0,1.0,0.0,0.0,1.0,1.0,0.0,0.0,0.0,0.0,1.0,0.0,0
0.9537120093719124,-1.1760540113319988,-0.09165481463991676,0.9900495037128095,-0.31805503173664496,-0.31805503173664496,0.7018100265975371,1.385535286160941,1.0,0.0,0.0,1.0,0.0,1.0,0.0,1.0,0.0,0.0,0.0,1.0,0.0,0
0.36980669751155787,-1.5968075706978397,0.1898408617719766,0.9900495037128095,-0.27145646045796884,-0.27145646045796884,0.7018100265975371,-0.7217427156047488,1.0,0.0,1.0,0.0,0.0,1.0,0.0,1.0,0.0,0.0,1.0,0.0,0.0,0
0.8563944573951866,0.18183247571230587,1.5027473525447976,0.9900495037128095,-0.2237504423874948,-0.2237504423874948,-1.42488702369803,1.385535286160941,0.0,0.0,0.0,1.0,1.0,0.0,0.0,0.0,1.0,0.0,0.0,1.0,0.0,0
-1.6738618939996828,0.009706019608098245,0.5330524672394743,0.9900495037128095,3.309709793277125,3.309709793277125,0.7018100265975371,-0.7217427156047488,1.0,0.0,1.0,0.0,0.0,1.0,0.0,0.0,1.0,0.0,0.0,0.0,1.0,0
1.5376173212322668,0.2774582846590879,-0.9614498147832906,0.9900495037128095,-0.3747667098721575,-0.3747667098721575,-1.42488702369803,1.385535286160941,0.0,0.0,0.0,1.0,0.0,1.0,0.0,0.0,1.0,0.0,0.0,1.0,0.0,0
-0.7006863742324253,0.9659641090759185,-0.8562219357460371,-1.0100505037878158,-0.2719830979984183,-0.2719830979984183,0.7018100265975371,-0.7217427156047488,1.0,0.0,1.0,0.0,1.0,0.0,1.0,0.0,0.0,1.0,0.0,0.0,0.0,0
0.6617593534417351,0.2774582846590879,1.1999397006316885,0.9900495037128095,-0.22689053306440557,-0.22689053306440557,-1.42488702369803,-0.7217427156047488,0.0,0.0,1.0,0.0,0.0,1.0,0.0,0.0,1.0,0.0,0.0,1.0,0.0,0
-1.6738618939996828,-1.233429496700068,0.7324082380737647,0.9900495037128095,3.615717182957104,3.615717182957104,0.7018100265975371,-0.7217427156047488,2.0,1.0,0.0,0.0,1.0,0.0,0.0,1.0,0.0,0.0,0.0,0.0,1.0,0
0.4671242494882836,1.6162196099140362,-0.9365858433652055,-1.0100505037878158,-0.3529559769159116,-0.3529559769159116,-1.42488702369803,-0.7217427156047488,0.0,1.0,0.0,0.0,1.0,0.0,1.0,0.0,0.0,0.0,1.0,0.0,0.0,0
-1.7225206699880455,1.367592506652403,0.660480320757161,0.9900495037128095,7.4275197007302065,7.4275197007302065,0.7018100265975371,-0.7217427156047488,2.0,0.0,1.0,0.0,0.0,1.0,1.0,0.0,0.0,0.0,0.0,0.0,1.0,1
-0.4573924942906109,1.2910918594949774,0.010909067459684759,0.9900495037128095,-0.20022500419713427,-0.20022500419713427,-1.42488702369803,-0.7217427156047488,0.0,1.0,0.0,0.0,1.0,0.0,1.0,0.0,0.0,0.0,1.0,0.0,0.0,0
